CREATE TABLE view_user as Select * from users;
ALTER TABLE `users` CHANGE `group_id` `group_id` INT(10) NULL DEFAULT NULL;
ALTER TABLE `users` CHANGE `profil` `profil` INT(11) NULL;
ALTER TABLE `users` DROP FOREIGN KEY `fk_user_profil_id`; 
ALTER TABLE `users` DROP FOREIGN KEY `users_ibfk_2`; 
ALTER TABLE `users` ADD CONSTRAINT `fk_user_profil_id` FOREIGN KEY (`profil`) REFERENCES `profil`(`id`) ON DELETE SET NULL ON UPDATE SET NULL ;
ALTER TABLE `users` ADD CONSTRAINT `users_ibfk_2` FOREIGN KEY (`group_id`) REFERENCES `groups`(`id`) ON DELETE SET NULL ON UPDATE SET NULL;
ALTER TABLE `groups` DROP FOREIGN KEY `fk_group_profil_id`;


delete from groups_has_actions;
delete from groups_has_modules;
delete from profil_has_modules;
delete from groups;
delete from actions;
delete from profil;
ALTER TABLE `groups` auto_increment = 1;
ALTER TABLE  groups_has_actions auto_increment = 1;
ALTER TABLE  groups_has_modules auto_increment = 1;
ALTER TABLE  profil_has_modules auto_increment = 1;
ALTER TABLE  actions auto_increment = 1;
ALTER TABLE  profil auto_increment = 1;



--
-- Truncate table before insert `modules`
--

-- TRUNCATE TABLE `modules`;
--
-- Dumping data for table `modules`
--

INSERT IGNORE INTO `modules` (`id`, `module_short_name`, `module_name`, `mod_lateral_menu`, `create_date`, `update_date`, `create_by`, `update_by`) VALUES
(1, 'configuration', 'Paramètre Ecole', '//layouts/menuSchoolSetting', NULL, NULL, NULL, NULL),
(5, 'users', 'Utilisateur', '//layouts/menuUser', NULL, NULL, NULL, NULL),
(6, 'reports', 'Reports', '//layouts/menuReportManager', NULL, NULL, NULL, NULL),
(7, 'schoolconfig', 'Gestion académique', '//layouts/menuAcademicSetting', NULL, NULL, NULL, NULL),
(8, 'billings', 'Facturation', '//layouts/menuBilling', NULL, NULL, NULL, NULL),
(9, 'academic', 'Académique', '//layouts/menuStudentManager', NULL, NULL, NULL, NULL),
(10, 'guest', 'Invite', NULL, NULL, NULL, NULL, NULL),
(11, 'discipline', 'Discipline', '', NULL, NULL, NULL, NULL),
(12, 'portal', 'Portal', '', NULL, NULL, NULL, NULL),
(13, 'idcards', 'ID card', NULL, NULL, NULL, NULL, NULL),
(14, 'kindergarden', 'Kindergarden', NULL, NULL, NULL, NULL, NULL);



-- TRUNCATE TABLE `actions`;
--
-- Dumping data for table `actions`
--

INSERT INTO `actions` (`id`, `action_id`, `action_name`, `controller`, `module_id`, `create_date`, `update_date`, `create_by`, `update_by`) VALUES
(1, 'index', 'Lister les utilisateurs', 'User', 5, NULL, NULL, NULL, NULL),
(2, 'create', 'Creation d\'utilisateur', 'User', 5, NULL, NULL, NULL, NULL),
(3, 'update', 'Mise a jour d\'un utilisateur', 'User', 5, NULL, NULL, NULL, NULL),
(4, 'delete', 'Suppression d\'un utilisateur', 'User', 5, NULL, NULL, NULL, NULL),
(5, 'view', 'Affichage d\'un utilisateur', 'User', 5, NULL, NULL, NULL, NULL),
(6, 'changePassword', 'Modification du mot de passe', 'User', 5, NULL, NULL, NULL, NULL),
(7, 'updateUser', 'Mise a jour d\'un utilisateur en mode vue', 'User', 5, NULL, NULL, NULL, NULL),
(8, 'disableusers', 'Lister les utilisateurs inactifs', 'User', 5, NULL, NULL, NULL, NULL),
(9, 'listForReport', 'Liste personne pour rapport', 'Persons', 9, NULL, NULL, NULL, NULL),
(10, 'viewForReport', 'Vue personne pour rapport', 'Persons', 9, NULL, NULL, NULL, NULL),
(11, 'list', 'Liste eleve ', 'Persons', 9, NULL, NULL, NULL, NULL),
(12, 'update', 'mise a jour d\'une personne', 'Persons', 9, NULL, NULL, NULL, NULL),
(13, 'roomAffectation', 'Affecter des eleves a une salle', 'Persons', 9, NULL, NULL, NULL, NULL),
(14, 'create', 'Ajouter une nouvelle personne', 'Persons', 9, NULL, NULL, NULL, NULL),
(15, 'listArchive', 'Liste des personnes inactifs ', 'Persons', 9, NULL, NULL, NULL, NULL),
(16, 'exTeachers', 'Liste des anciens professeurs', 'Persons', 9, NULL, NULL, NULL, NULL),
(17, 'exEmployees', 'Liste des anciens employes', 'Persons', 9, NULL, NULL, NULL, NULL),
(18, 'exStudents', 'Liste des anciens eleves', 'Persons', 9, NULL, NULL, NULL, NULL),
(19, 'delete', 'Suppression d\'une personne', 'Persons', 9, NULL, NULL, NULL, NULL),
(20, 'index', 'Liste des eleves ayant des infos additinnelles', 'StudentOtherInfo', 9, NULL, NULL, NULL, NULL),
(21, 'create', 'Creation des infos additinnelles pour un eleve', 'StudentOtherInfo', 9, NULL, NULL, NULL, NULL),
(22, 'update', 'Mise a jour des infos additinnelles pour eleve', 'StudentOtherInfo', 9, NULL, NULL, NULL, NULL),
(23, 'view', 'Affichage des infos additinnelles pour eleve', 'StudentOtherInfo', 9, NULL, NULL, NULL, NULL),
(24, 'delete', 'Suppression d\'info additionnelle', 'StudentOtherInfo', 9, NULL, NULL, NULL, NULL),
(25, 'index', 'Liste des employes ayant des infos additinnelles', 'Employeeinfo', 9, NULL, NULL, NULL, NULL),
(26, 'create', 'Creation des infos additionnelles pour employe', 'Employeeinfo', 9, NULL, NULL, NULL, NULL),
(27, 'update', 'Mis a jour des infos additinnelles pour employe', 'Employeeinfo', 9, NULL, NULL, NULL, NULL),
(28, 'view', 'Affichage des infos additinnelles pour employe', 'Employeeinfo', 9, NULL, NULL, NULL, NULL),
(29, 'delete', 'Suppression d\'info additionnelle pour employe', 'Employeeinfo', 9, NULL, NULL, NULL, NULL),
(30, 'index', 'Liste de contact', 'ContactInfo', 9, NULL, NULL, NULL, NULL),
(31, 'create', 'Creation de contact pour chaque personne', 'ContactInfo', 9, NULL, NULL, NULL, NULL),
(32, 'update', 'mise a jour de contact pour une personne', 'ContactInfo', 9, NULL, NULL, NULL, NULL),
(33, 'view', 'Affichage de contact pour une personne', 'ContactInfo', 9, NULL, NULL, NULL, NULL),
(34, 'delete', 'Suppression de contact pour une personne', 'ContactInfo', 9, NULL, NULL, NULL, NULL),
(35, 'index', 'Liste des departements ayant des employes', 'DepartmentHasPerson', 9, NULL, NULL, NULL, NULL),
(36, 'create', 'Ajouter un employe dans un departement', 'DepartmentHasPerson', 9, NULL, NULL, NULL, NULL),
(37, 'update', 'Mise a jour d\'un employe dans un departement', 'DepartmentHasPerson', 9, NULL, NULL, NULL, NULL),
(38, 'view', 'Affichage d\'un employe dans un departement ', 'DepartmentHasPerson', 9, NULL, NULL, NULL, NULL),
(39, 'delete', 'Suppression d\'un employe dans un departement', 'DepartmentHasPerson', 9, NULL, NULL, NULL, NULL),
(40, 'index', 'Liste de notes de tous les eleves', 'Grades', 9, NULL, NULL, NULL, NULL),
(41, 'create', 'Ajouter une nouvelle note pour un eleve', 'Grades', 9, NULL, NULL, NULL, NULL),
(42, 'update', 'Mise a jour d\'une note pour un eleve', 'Grades', 9, NULL, NULL, NULL, NULL),
(43, 'view', 'Affichage d\'une note pour un eleve', 'Grades', 9, NULL, NULL, NULL, NULL),
(44, 'delete', 'Suppression d\'une note', 'Grades', 9, NULL, NULL, NULL, NULL),
(45, 'listByRoom', 'Affichage des notes par salle', 'Grades', 9, NULL, NULL, NULL, NULL),
(46, 'balance', 'Liste des eleves ayant une balance sup. a zero', 'Balance', 8, NULL, NULL, NULL, NULL),
(47, 'view', 'Affichage de balance pour un eleve', 'Balance', 8, NULL, NULL, NULL, NULL),
(48, 'create', 'Creation de balance pour un eleve', 'Balance', 8, NULL, NULL, NULL, NULL),
(49, 'update', 'Mise a jour d\'une balance pour un eleve', 'Balance', 8, NULL, NULL, NULL, NULL),
(50, 'index', 'Liste des transactions des eleves avec l\'economat', 'Billings', 8, NULL, NULL, NULL, NULL),
(51, 'create', 'Ajouter d\'une nouvelle transaction pour un eleve', 'Billings', 8, NULL, NULL, NULL, NULL),
(52, 'update', 'Mise a jour d\'une transaction pour un eleve', 'Billings', 8, NULL, NULL, NULL, NULL),
(53, 'view', 'Affichage d\'une transaction pour un eleve', 'Billings', 8, NULL, NULL, NULL, NULL),
(54, 'delete', 'Suppression d\'une transaction', 'Billings', 8, NULL, NULL, NULL, NULL),
(55, 'generalReport', 'Affichage d\'un rapport general', 'Reportcard', 6, NULL, NULL, NULL, NULL),
(56, 'create', 'Creation de bulletin pour une salle', 'Reportcard', 6, NULL, NULL, NULL, NULL),
(57, 'report', 'Affichage d\'un bulletin d\'un eleve', 'Reportcard', 6, NULL, NULL, NULL, NULL),
(58, 'admitted', 'Liste des admis par salle', 'Reportcard', 6, NULL, NULL, NULL, NULL),
(59, 'endYearDecision', 'Prise de decision de fin d\'annee', 'Reportcard', 6, NULL, NULL, NULL, NULL),
(60, 'index', 'Liste des cours de l\'ecole', 'Courses', 7, NULL, NULL, NULL, NULL),
(61, 'create', 'Creation d\'un nouveau cours', 'Courses', 7, NULL, NULL, NULL, NULL),
(62, 'update', 'Mise a jour d\'un cours', 'Courses', 7, NULL, NULL, NULL, NULL),
(63, 'view', 'Affichage d\'un cours', 'Courses', 7, NULL, NULL, NULL, NULL),
(64, 'viewForTeacher', 'Liste des cours de l\'ecole pour professeur', 'Courses', 7, NULL, NULL, NULL, NULL),
(65, 'delete', 'Suppression d\'un cours', 'Courses', 7, NULL, NULL, NULL, NULL),
(66, 'index', 'Liste des matieres enseignees ', 'Subjects', 7, NULL, NULL, NULL, NULL),
(67, 'create', 'Ajouter une nouvelle matiere', 'Subjects', 7, NULL, NULL, NULL, NULL),
(68, 'update', 'Mise a jour d\'une matiere', 'Subjects', 7, NULL, NULL, NULL, NULL),
(69, 'view', 'Affichage d\'une matiere', 'Subjects', 7, NULL, NULL, NULL, NULL),
(70, 'delete', 'Suppression d\'une matiere', 'Subjects', 7, NULL, NULL, NULL, NULL),
(71, 'index', 'Liste des evaluations pour chaque periode', 'Evaluationbyyear', 7, NULL, NULL, NULL, NULL),
(72, 'create', 'Creation d\'une nouvelle evaluation pour une periode', 'Evaluationbyyear', 7, NULL, NULL, NULL, NULL),
(73, 'update', 'Mise a jour d\'une evaluation pour une periode', 'Evaluationbyyear', 7, NULL, NULL, NULL, NULL),
(74, 'view', 'Affichage d\'une evaluation pour une periode', 'Evaluationbyyear', 7, NULL, NULL, NULL, NULL),
(75, 'delete', 'Suppression d\'une evaluation pour une periode', 'Evaluationbyyear', 7, NULL, NULL, NULL, NULL),
(76, 'index', 'Liste des heures de cours pour une salle', 'Schedules', 7, NULL, NULL, NULL, NULL),
(77, 'create', 'Ajouter d\'une heure de cours pour une salle', 'Schedules', 7, NULL, NULL, NULL, NULL),
(78, 'update', 'Mise a jour d\'une heure de cours', 'Schedules', 7, NULL, NULL, NULL, NULL),
(79, 'view', 'Affichage d\'une heure de cours pour une salle', 'Schedules', 7, NULL, NULL, NULL, NULL),
(80, 'viewForTeacher', 'Liste des heures de cours pour professeur', 'Schedules', 7, NULL, NULL, NULL, NULL),
(81, 'viewForUpdate', 'Liste des heures de cours pret a etre modifier', 'Schedules', 7, NULL, NULL, NULL, NULL),
(82, 'delete', 'Suppression d\'une heure de cours', 'Schedules', 7, NULL, NULL, NULL, NULL),
(83, 'index', 'Liste des periodes academiques', 'Academicperiods', 1, NULL, NULL, NULL, NULL),
(84, 'create', 'Creation d\'une nouvelle periode academique', 'Academicperiods', 1, NULL, NULL, NULL, NULL),
(85, 'update', 'Mise a jour d\'une periode academique', 'Academicperiods', 1, NULL, NULL, NULL, NULL),
(86, 'view', 'Affichage d\'une periode academique', 'Academicperiods', 1, NULL, NULL, NULL, NULL),
(87, 'delete', 'Suppression d\'une periode academique', 'Academicperiods', 1, NULL, NULL, NULL, NULL),
(88, 'index', 'Liste des departements de l\'ecole', 'DepartmentInSchool', 1, NULL, NULL, NULL, NULL),
(89, 'create', 'Creation d\'un nouveau departement de l\'ecole', 'DepartmentInSchool', 1, NULL, NULL, NULL, NULL),
(90, 'update', 'Mise a jour d\'un departement de l\'ecole', 'DepartmentInSchool', 1, NULL, NULL, NULL, NULL),
(91, 'view', 'Affichage d\'un departement de l\'ecole', 'DepartmentInSchool', 1, NULL, NULL, NULL, NULL),
(92, 'delete', 'Suppression d\'un departement de l\'ecole', 'DepartmentInSchool', 1, NULL, NULL, NULL, NULL),
(93, 'index', 'Liste des devises acceptees a l\'ecole', 'Devises', 1, NULL, NULL, NULL, NULL),
(94, 'create', 'Ajouter une nouvelle devise', 'Devises', 1, NULL, NULL, NULL, NULL),
(95, 'update', 'Mise a jour d\'une devise', 'Devises', 1, NULL, NULL, NULL, NULL),
(96, 'view', 'Affichage d\'une devise', 'Devises', 1, NULL, NULL, NULL, NULL),
(97, 'delete', 'Suppression d\'une devise', 'Devises', 1, NULL, NULL, NULL, NULL),
(98, 'index', 'Liste des evaluations de l\'ecole', 'Evaluations', 1, NULL, NULL, NULL, NULL),
(99, 'create', 'Ajouter une nouvelle evaluation', 'Evaluations', 1, NULL, NULL, NULL, NULL),
(100, 'update', 'Mise a jour d\'une evaluation', 'Evaluations', 1, NULL, NULL, NULL, NULL),
(101, 'view', 'Affichage d\'une evaluation', 'Evaluations', 1, NULL, NULL, NULL, NULL),
(102, 'delete', 'Suppression d\'une evaluation', 'Evaluations', 1, NULL, NULL, NULL, NULL),
(103, 'index', 'Liste des frais exigees par l\'ecole', 'Fees', 1, NULL, NULL, NULL, NULL),
(104, 'create', 'Ajouter un nouveau frais', 'Fees', 1, NULL, NULL, NULL, NULL),
(105, 'update', 'Mise a jour d\'un frais', 'Fees', 1, NULL, NULL, NULL, NULL),
(106, 'view', 'Affichage d\'un frais', 'Fees', 1, NULL, NULL, NULL, NULL),
(107, 'delete', 'Suppression d\'un frais', 'Fees', 1, NULL, NULL, NULL, NULL),
(108, 'index', 'Liste des domaines d\'etude des employes', 'Fieldstudy', 1, NULL, NULL, NULL, NULL),
(109, 'create', 'Ajouter un nouveau domaine d\'etude', 'Fieldstudy', 1, NULL, NULL, NULL, NULL),
(110, 'update', 'Mise a jour d\'un domaine d\'etude', 'Fieldstudy', 1, NULL, NULL, NULL, NULL),
(111, 'view', 'Affichage d\'un domaine d\'etude', 'Fieldstudy', 1, NULL, NULL, NULL, NULL),
(112, 'delete', 'Suppression d\'un domaine d\'etude', 'Fieldstudy', 1, NULL, NULL, NULL, NULL),
(113, 'index', 'Liste des champs de configuration generale', 'Generalconfig', 1, NULL, NULL, NULL, NULL),
(114, 'admin', 'Liste des champs de configuration generale Pret a modifier', 'Generalconfig', 1, NULL, NULL, NULL, NULL),
(115, 'create', 'Creation d\'un nouveau champ de configuration generale', 'Generalconfig', 1, NULL, NULL, NULL, NULL),
(116, 'update', 'Mise a jour d\'un champ de configuration generale', 'Generalconfig', 1, NULL, NULL, NULL, NULL),
(117, 'view', 'Affichage d\'un champ de configuration generale', 'Generalconfig', 1, NULL, NULL, NULL, NULL),
(118, 'delete', 'Suppression d\'un champ de configuration generale', 'Generalconfig', 1, NULL, NULL, NULL, NULL),
(119, 'index', 'Liste des statuts d\'emploi', 'Jobstatus', 1, NULL, NULL, NULL, NULL),
(120, 'create', 'Creation d\'un nouveau statut d\'emploi', 'Jobstatus', 1, NULL, NULL, NULL, NULL),
(121, 'update', 'Mise a jour d\'un statut d\'emploi', 'Jobstatus', 1, NULL, NULL, NULL, NULL),
(122, 'view', 'Affichage d\'un statut d\'emploi', 'Jobstatus', 1, NULL, NULL, NULL, NULL),
(123, 'delete', 'Suppression d\'un statut d\'emploi', 'Jobstatus', 1, NULL, NULL, NULL, NULL),
(124, 'index', 'Liste des differents niveaux d\'etude', 'Levels', 1, NULL, NULL, NULL, NULL),
(125, 'create', 'Creation d\'un nouveau niveau d\'etude', 'Levels', 1, NULL, NULL, NULL, NULL),
(126, 'update', 'Mise a jour d\'un niveau d\'etude', 'Levels', 1, NULL, NULL, NULL, NULL),
(127, 'view', 'Affichage d\'un niveau d\'etude', 'Levels', 1, NULL, NULL, NULL, NULL),
(128, 'delete', 'Suppression d\'un niveau d\'etude', 'Levels', 1, NULL, NULL, NULL, NULL),
(129, 'index', 'Liste des notes de passage de l\'ecole', 'Passinggrades', 1, NULL, NULL, NULL, NULL),
(130, 'create', 'Creation d\'une nouvelle note de passage', 'Passinggrades', 1, NULL, NULL, NULL, NULL),
(131, 'update', 'Mise a jour d\'une note de passage', 'Passinggrades', 1, NULL, NULL, NULL, NULL),
(132, 'view', 'Affichage d\'une note de passage', 'Passinggrades', 1, NULL, NULL, NULL, NULL),
(133, 'delete', 'Suppression d\'une note de passage', 'Passinggrades', 1, NULL, NULL, NULL, NULL),
(134, 'index', 'Liste des methodes de paiement exigees par l\'ecole', 'Paymentmethod', 1, NULL, NULL, NULL, NULL),
(135, 'create', 'Creation d\'une nouvelle methode de paiement', 'Paymentmethod', 1, NULL, NULL, NULL, NULL),
(136, 'update', 'Mise a jour d\'une methode de paiement', 'Paymentmethod', 1, NULL, NULL, NULL, NULL),
(137, 'view', 'Affichage d\'une methode de paiement', 'Paymentmethod', 1, NULL, NULL, NULL, NULL),
(138, 'delete', 'Suppression d\'une methode de paiement', 'Paymentmethod', 1, NULL, NULL, NULL, NULL),
(139, 'index', 'Liste des differents titres de qualification', 'Qualifications', 1, NULL, NULL, NULL, NULL),
(140, 'create', 'Creation d\'un nouveau titre de qualification', 'Qualifications', 1, NULL, NULL, NULL, NULL),
(141, 'update', 'Mise a jour d\'un titre de qualification', 'Qualifications', 1, NULL, NULL, NULL, NULL),
(142, 'view', 'Affichage d\'un titre de qualification', 'Qualifications', 1, NULL, NULL, NULL, NULL),
(143, 'delete', 'Suppression d\'un titre de qualification', 'Qualifications', 1, NULL, NULL, NULL, NULL),
(144, 'index', 'Liste de relations eleve et responsable', 'Relations', 1, NULL, NULL, NULL, NULL),
(145, 'create', 'Creation d\'un nouveau titre de relation', 'Relations', 1, NULL, NULL, NULL, NULL),
(146, 'update', 'Mise a jour d\'un titre de relation', 'Relations', 1, NULL, NULL, NULL, NULL),
(147, 'view', 'Affichage d\'un titre de relation', 'Relations', 1, NULL, NULL, NULL, NULL),
(148, 'delete', 'Suppression d\'un titre de relation', 'Relations', 1, NULL, NULL, NULL, NULL),
(149, 'index', 'Liste de toutes les salles de classe', 'Rooms', 1, NULL, NULL, NULL, NULL),
(150, 'create', 'Creation d\'une nouvelle salle de classe', 'Rooms', 1, NULL, NULL, NULL, NULL),
(151, 'update', 'Mise a jour d\'une salle de classe', 'Rooms', 1, NULL, NULL, NULL, NULL),
(152, 'view', 'Affichage d\'une salle de classe', 'Rooms', 1, NULL, NULL, NULL, NULL),
(153, 'delete', 'Suppression d\'une salle de classe', 'Rooms', 1, NULL, NULL, NULL, NULL),
(154, 'index', 'Liste de toutes les sections de l\'ecole', 'Sections', 1, NULL, NULL, NULL, NULL),
(155, 'create', 'Creation d\'une nouvelle section', 'Sections', 1, NULL, NULL, NULL, NULL),
(156, 'update', 'Mise a jour d\'une section', 'Sections', 1, NULL, NULL, NULL, NULL),
(157, 'view', 'Affichage d\'une section', 'Sections', 1, NULL, NULL, NULL, NULL),
(158, 'delete', 'Suppression d\'une section', 'Sections', 1, NULL, NULL, NULL, NULL),
(159, 'index', 'Liste de toutes les vacations de l\'ecole', 'Shifts', 1, NULL, NULL, NULL, NULL),
(160, 'create', 'Creation d\'une nouvelle vacation', 'Shifts', 1, NULL, NULL, NULL, NULL),
(161, 'update', 'Mise a jour d\'une vacation', 'Shifts', 1, NULL, NULL, NULL, NULL),
(162, 'view', 'Affichage d\'une vacation', 'Shifts', 1, NULL, NULL, NULL, NULL),
(163, 'delete', 'Suppression d\'une vacation', 'Shifts', 1, NULL, NULL, NULL, NULL),
(164, 'index', 'Liste des positions administratives', 'Titles', 1, NULL, NULL, NULL, NULL),
(165, 'create', 'Creation d\'une nouvelle position', 'Titles', 1, NULL, NULL, NULL, NULL),
(166, 'update', 'Mise a jour d\'une position', 'Titles', 1, NULL, NULL, NULL, NULL),
(167, 'view', 'Affichage d\'une position', 'Titles', 1, NULL, NULL, NULL, NULL),
(168, 'delete', 'Suppression d\'une position', 'Titles', 1, NULL, NULL, NULL, NULL),
(169, 'index', 'Liste de toutes les modules du systeme', 'Modules', 5, NULL, NULL, NULL, NULL),
(170, 'create', 'Creation d\'une nouvelle module du systeme', 'Modules', 5, NULL, NULL, NULL, NULL),
(171, 'update', 'Mise a jour d\'une module', 'Modules', 5, NULL, NULL, NULL, NULL),
(172, 'view', 'Affichage d\'une module', 'Modules', 5, NULL, NULL, NULL, NULL),
(173, 'delete', 'Suppression d\'une module', 'Modules', 5, NULL, NULL, NULL, NULL),
(174, 'index', 'Liste de tous les groupes utilisateur du systeme', 'Groups', 5, NULL, NULL, NULL, NULL),
(175, 'create', 'Creation d\'un nouveau groupe utilisateur', 'Groups', 5, NULL, NULL, NULL, NULL),
(176, 'update', 'Mise a jour d\'un groupe utilisateur', 'Groups', 5, NULL, NULL, NULL, NULL),
(177, 'view', 'Affichage d\'un groupe utilisateur', 'Groups', 5, NULL, NULL, NULL, NULL),
(178, 'delete', 'Suppression d\'un groupe utilisateur', 'Groups', 5, NULL, NULL, NULL, NULL),
(179, 'index', 'Liste de toutes les actions autorisees du systeme', 'Actions', 5, NULL, NULL, NULL, NULL),
(180, 'create', 'Creation d\'une nouvelle action', 'Actions', 5, NULL, NULL, NULL, NULL),
(181, 'update', 'Mise a jour d\'une action', 'Actions', 5, NULL, NULL, NULL, NULL),
(182, 'view', 'Affichage d\'une action', 'Actions', 5, NULL, NULL, NULL, NULL),
(183, 'delete', 'Suppression d\'une action', 'Actions', 5, NULL, NULL, NULL, NULL),
(184, 'validatePublish', 'Validation et Publication des notes', 'Grades', 9, NULL, NULL, NULL, NULL),
(185, 'index', 'Liste des periodes academiques pour INVITE', 'Academicperiods', 10, NULL, NULL, NULL, NULL),
(186, 'balance', 'Liste des eleves ayant une balance sup. a zero  pour INVITE', 'Balance', 10, NULL, NULL, NULL, NULL),
(187, 'index', 'Liste des transactions des eleves avec l\'economat  pour INVITE', 'Billings', 10, NULL, NULL, NULL, NULL),
(188, 'view', 'Affichage des info personnelles parent', 'ContactInfo', 10, NULL, NULL, NULL, NULL),
(189, 'update', 'Mise a jour des infos personnelles parent', 'ContactInfo', 10, NULL, NULL, NULL, NULL),
(190, 'index', 'Liste des cours que suit l\'eleve', 'Courses', 10, NULL, NULL, NULL, NULL),
(191, 'index', 'Liste des evaluations pour chaque periode  pour INVITE', 'Evaluationbyyear', 10, NULL, NULL, NULL, NULL),
(192, 'index', 'Liste des frais exigees par l\'ecole  pour INVITE', 'Fees', 10, NULL, NULL, NULL, NULL),
(193, 'index', 'Liste des notes (publiees) de l\'eleve', 'Grades', 10, NULL, NULL, NULL, NULL),
(194, 'index', 'Liste des notes de passage de l\'ecole  pour INVITE', 'Passinggrades', 10, NULL, NULL, NULL, NULL),
(195, 'index', 'Liste des methodes de paiement exigees par l\'ecole  pour INVITE', 'Paymentmethod', 10, NULL, NULL, NULL, NULL),
(196, 'report', 'Affichage du bulletin de l\'eleve  pour INVITE', 'Reportcard', 10, NULL, NULL, NULL, NULL),
(197, 'index', 'Liste des heures de cours de l\'eleve  pour INVITE', 'Schedules', 10, NULL, NULL, NULL, NULL),
(198, 'view', 'Affichage des info personnelles eleve', 'StudentOtherInfo', 10, NULL, NULL, NULL, NULL),
(200, 'index', 'Liste des matieres enseignees,  pour INVITE', 'Subjects', 10, NULL, NULL, NULL, NULL),
(201, 'viewcontact', 'Vue des contacts de l\'utilisateur', 'ContactInfo', 9, NULL, NULL, NULL, NULL),
(202, 'updateMyContacts', 'Mise a jour de contacts par l\'utilisateur', 'ContactInfo', 9, NULL, NULL, NULL, NULL),
(203, 'viewForUpdate', 'Modifier info personnelle utilisateur', 'Persons', 9, NULL, NULL, NULL, NULL),
(204, 'updateMyInfo', 'Mise a jour des infos personnelles utilisateur systeme', 'Persons', 9, NULL, NULL, NULL, NULL),
(205, 'updateParent', 'Mise a jour des infos personnelles d\'un parent', 'ContactInfo', 10, NULL, NULL, NULL, NULL),
(206, 'viewForUpdate', 'Mise a jour des infos personnelles d\'un eleve ....', 'Persons', 10, NULL, NULL, NULL, NULL),
(207, 'updateMyInfo', 'Mise a jour des infos personnelles utilisateur eleve', 'Persons', 10, NULL, NULL, NULL, NULL),
(208, 'index', 'Lister emails', 'Mails', 9, NULL, NULL, NULL, NULL),
(209, 'sendEmail', 'Envoyer Email', 'Persons', 9, NULL, NULL, NULL, NULL),
(210, 'index', 'Affiche le calendrier', 'Calendar', 7, NULL, NULL, NULL, NULL),
(211, 'create', 'Ajouter évenements', 'Calendar', 7, NULL, NULL, NULL, NULL),
(212, 'update', 'Modifier un évenement', 'Calendar', 7, NULL, NULL, NULL, NULL),
(213, 'delete', 'Supprimer un évenement', 'Calendar', 7, NULL, NULL, NULL, NULL),
(214, 'view', 'Voir un évenement en mode admin', 'Calendar', 7, NULL, NULL, NULL, NULL),
(215, 'viewForIndex', 'Voir un évenement en mode utilisateur', 'Calendar', 7, NULL, NULL, NULL, NULL),
(216, 'calendarEvents', 'Evenement du calendrier', 'Calendar', 7, NULL, NULL, NULL, NULL),
(217, 'calendarEvents', 'Evenement du calendrier pour invites', 'Calendar', 10, NULL, NULL, NULL, NULL),
(218, 'viewForIndex', 'afficher les evenements en mod utili', 'Calendar', 10, NULL, NULL, NULL, NULL),
(219, 'viewOnlineUsers', 'Voir les utilisateurs connectés', 'User', 5, NULL, NULL, NULL, NULL),
(220, 'viewDecision', 'Voir la liste de decision finale', 'Reportcard', 6, NULL, NULL, NULL, NULL),
(221, 'classSetup', 'Formation des classes', 'Persons', 9, NULL, NULL, NULL, NULL),
(222, 'create', 'Ajouter une nouvelle configuration payroll', 'PayrollSettings', 8, NULL, NULL, NULL, NULL),
(223, 'update', 'Modifier  configuration payroll', 'PayrollSettings', 8, NULL, NULL, NULL, NULL),
(224, 'index', 'Affichage des configurations payroll', 'PayrollSettings', 8, NULL, NULL, NULL, NULL),
(225, 'view', 'Voir configuration payroll', 'PayrollSettings', 8, NULL, NULL, NULL, NULL),
(226, 'paverage', 'Palmares des moyennes', 'Reportcard', 6, NULL, NULL, NULL, NULL),
(227, 'admission', 'Admission des postulants', 'Persons', 9, NULL, NULL, NULL, NULL),
(228, 'viewListAdmission', 'Voir la liste d\'inscription', 'Postulant', 9, NULL, NULL, NULL, NULL),
(229, 'levelRoomAffectation', 'Affectation a un niveau et/ou a une salle', 'Persons', 9, NULL, NULL, NULL, NULL),
(230, 'viewAdmissionDetail', 'Afficher toutes les info d\'un postulant', 'Postulant', 9, NULL, NULL, NULL, NULL),
(231, 'index', 'Liste des devoirs soumis par les professeurs', 'Homework', 9, NULL, NULL, NULL, NULL),
(232, 'create', 'Ajouter un devoir', 'Homework', 9, NULL, NULL, NULL, NULL),
(233, 'update', 'Modifier un devoir soumis par les professeurs', 'Homework', 9, NULL, NULL, NULL, NULL),
(234, 'view', '	Afficher les info d\'un devoir soumis par un professeur', 'Homework', 9, NULL, NULL, NULL, NULL),
(235, 'index', 'Lister les devoirs soumis par des professeurs', 'Homework', 10, NULL, NULL, NULL, NULL),
(236, 'view', 'Afficher les devoirs soumis par des professeurs', 'Homework', 10, NULL, NULL, NULL, NULL),
(237, 'index', 'Lister les devoirs soumis par des professeurs', 'homeworkSubmission', 10, NULL, NULL, NULL, NULL),
(238, 'create', 'Soumettre un devoir', 'homeworkSubmission', 10, NULL, NULL, NULL, NULL),
(239, 'generalReport', 'Affichage d\'un rapport general pour INVITE', 'Reportcard', 10, NULL, NULL, NULL, NULL),
(240, 'index', 'Liste type d\'infraction', 'InfractionType', 11, NULL, NULL, NULL, NULL),
(241, 'create', 'Créer type d\'infraction', 'InfractionType', 11, NULL, NULL, NULL, NULL),
(242, 'view', 'Voir type d\'infraction', 'InfractionType', 11, NULL, NULL, NULL, NULL),
(243, 'update', 'Modifier type d\'infraction', 'InfractionType', 11, NULL, NULL, NULL, NULL),
(244, 'delete', 'Supprimer type d\'infraction', 'InfractionType', 11, NULL, NULL, NULL, NULL),
(245, 'index', 'Liste des enregistrements d\'infraction', 'RecordInfraction', 11, NULL, NULL, NULL, NULL),
(246, 'create', 'Créer enregistrement d\'infraction', 'RecordInfraction', 11, NULL, NULL, NULL, NULL),
(247, 'update', 'Modifier enregistrement d\'infraction', 'RecordInfraction', 11, NULL, NULL, NULL, NULL),
(248, 'delete', 'Supprimer enregistrement d\'infraction', 'RecordInfraction', 11, NULL, NULL, NULL, NULL),
(249, 'view', 'Voir enregistrement d\'infraction', 'RecordInfraction', 11, NULL, NULL, NULL, NULL),
(250, 'index', 'Lister enregistrement présence', 'RecordPresence', 11, NULL, NULL, NULL, NULL),
(251, 'view', 'Voir une présence', 'RecordPresence', 11, NULL, NULL, NULL, NULL),
(252, 'update', 'Modifier une présence', 'RecordPresence', 11, NULL, NULL, NULL, NULL),
(253, 'recordPresence', 'Enregistrer présence élèves par salle', 'RecordPresence', 11, NULL, NULL, NULL, NULL),
(254, 'admin', 'Rapport présence', 'RecordPresence', 11, NULL, NULL, NULL, NULL),
(255, 'create', 'Prendre présence pour un élève', 'RecordPresence', 11, NULL, NULL, NULL, NULL),
(256, 'delete', 'Supprimer Présence', 'RecordPresence', 11, NULL, NULL, NULL, NULL),
(257, 'index', 'Liste des avances sur salaire effectues', 'LoanOfMoney', 8, NULL, NULL, NULL, NULL),
(258, 'disableStudents', 'Rendre des élèves inactifs', 'Persons', 9, NULL, NULL, NULL, NULL),
(259, 'create', 'Ajouter des avances sur salaire', 'LoanOfMoney', 8, NULL, NULL, NULL, NULL),
(260, 'update', 'Modifier avance sur salaire', 'LoanOfMoney', 8, NULL, NULL, NULL, NULL),
(261, 'index', 'Liste des devoirs soumis par les élèves', 'homeworkSubmission', 9, NULL, NULL, NULL, NULL),
(262, 'index', 'Liste des payroll effectues', 'Payroll', 8, NULL, NULL, NULL, NULL),
(263, 'create', 'Ajouter un payroll', 'Payroll', 8, NULL, NULL, NULL, NULL),
(264, 'update', 'Modifier un payroll', 'Payroll', 8, NULL, NULL, NULL, NULL),
(265, 'delete', 'Supprimer un payroll', 'Payroll', 8, NULL, NULL, NULL, NULL),
(266, 'view', 'Afficher payroll en mode vue', 'Payroll', 8, NULL, NULL, NULL, NULL),
(267, 'index', 'Liste des obligations a payer', 'Taxes', 8, NULL, NULL, NULL, NULL),
(268, 'create', 'Ajouter une obligation', 'Taxes', 8, NULL, NULL, NULL, NULL),
(269, 'update', 'Modifier une obligation', 'Taxes', 8, NULL, NULL, NULL, NULL),
(270, 'delete', 'Supprimer une obligation', 'Taxes', 8, NULL, NULL, NULL, NULL),
(271, 'view', 'Afficher une obligation en mode vue', 'Taxes', 8, NULL, NULL, NULL, NULL),
(272, 'index', 'Liste de description des autres rentrées', 'OtherIncomesDescription', 8, NULL, NULL, NULL, NULL),
(273, 'create', 'Ajouter description autres rentrées', 'OtherIncomesDescription', 8, NULL, NULL, NULL, NULL),
(274, 'update', 'Modifier description autres rentrées', 'OtherIncomesDescription', 8, NULL, NULL, NULL, NULL),
(275, 'delete', 'Supprimer description autres rentrées', 'OtherIncomesDescription', 8, NULL, NULL, NULL, NULL),
(276, 'index', 'Liste des autres rentrées', 'OtherIncomes', 8, NULL, NULL, NULL, NULL),
(277, 'create', 'Ajouter autres rentrées', 'OtherIncomes', 8, NULL, NULL, NULL, NULL),
(278, 'update', 'Modifier autres rentrées', 'OtherIncomes', 8, NULL, NULL, NULL, NULL),
(279, 'delete', 'Supprimer autres rentrées', 'OtherIncomes', 8, NULL, NULL, NULL, NULL),
(280, 'view', 'Afficher autres rentrées en mode vue', 'OtherIncomes', 8, NULL, NULL, NULL, NULL),
(281, 'view', 'Afficher un pret en mode vue', 'LoanOfMoney', 8, NULL, NULL, NULL, NULL),
(282, 'admissionSearch', 'Recherche d\'un postulant dans la liste des anciens eleves ', 'Persons', 9, NULL, NULL, NULL, NULL),
(283, 'view', 'Afficher un devoir soumis (INVITE)', 'homeworkSubmission', 10, NULL, NULL, NULL, NULL),
(284, 'index', 'Lister les articles du portail', 'CmsArticle', 12, NULL, NULL, NULL, NULL),
(285, 'create', 'Ajouter un article au portail', 'CmsArticle', 12, NULL, NULL, NULL, NULL),
(286, 'update', 'Modifier un article du portail', 'CmsArticle', 12, NULL, NULL, NULL, NULL),
(287, 'delete', 'Supprimer un article du portail', 'CmsArticle', 12, NULL, NULL, NULL, NULL),
(288, 'view', 'Voir discipline pour un élève', 'RecordInfraction', 10, NULL, NULL, NULL, NULL),
(289, 'viewParent', 'Vue parent de la discipline', 'RecordInfraction', 10, NULL, NULL, NULL, NULL),
(290, 'config', 'Configuration ', 'Billings', 8, NULL, NULL, NULL, NULL),
(291, 'disciplineReport', 'Rapport sur la conduite de l\'eleve', 'Reportcard', 6, NULL, NULL, NULL, NULL),
(292, 'index', 'Liste des partenaires', 'Partners', 1, NULL, NULL, NULL, NULL),
(293, 'create', 'Ajouter un nouveau partenaire', 'Partners', 1, NULL, NULL, NULL, NULL),
(294, 'update', 'Modifier un partenaire', 'Partners', 1, NULL, NULL, NULL, NULL),
(295, 'delete', 'Supprimer un partenaire', 'Partners', 1, NULL, NULL, NULL, NULL),
(296, 'view', 'Voir plus de details sur un partenaire', 'Partners', 1, NULL, NULL, NULL, NULL),
(297, 'index', 'Liste des boursiers', 'Scholarshipholder', 8, NULL, NULL, NULL, NULL),
(298, 'create', 'Ajouter un boursier', 'Scholarshipholder', 8, NULL, NULL, NULL, NULL),
(299, 'update', 'Modifier un boursier', 'Scholarshipholder', 8, NULL, NULL, NULL, NULL),
(300, 'delete', 'Supprimer un boursier', 'Scholarshipholder', 8, NULL, NULL, NULL, NULL),
(301, 'view', 'Voir plus de details sur un boursier', 'Scholarshipholder', 8, NULL, NULL, NULL, NULL),
(302, 'index', 'Liste des libelles depenses', 'ChargeDescription', 8, NULL, NULL, NULL, NULL),
(303, 'create', 'Ajouter libelle depense', 'ChargeDescription', 8, NULL, NULL, NULL, NULL),
(304, 'update', 'Modifier libelle depense', 'ChargeDescription', 8, NULL, NULL, NULL, NULL),
(305, 'delete', 'Supprimer libelle depense', 'ChargeDescription', 8, NULL, NULL, NULL, NULL),
(306, 'index', 'Liste des depenses', 'ChargePaid', 8, NULL, NULL, NULL, NULL),
(307, 'create', 'Ajouter une depense', 'ChargePaid', 8, NULL, NULL, NULL, NULL),
(308, 'update', 'Modifier une depense', 'ChargePaid', 8, NULL, NULL, NULL, NULL),
(309, 'delete', 'Supprimer une depense', 'ChargePaid', 8, NULL, NULL, NULL, NULL),
(310, 'view', 'Voir plus de details d\'une depense', 'ChargePaid', 8, NULL, NULL, NULL, NULL),
(311, 'view', 'Voir plus de details d\'un libelle depense', 'ChargeDescription', 8, NULL, NULL, NULL, NULL),
(312, 'delete', 'Supprimer un parametre payroll', 'PayrollSettings', 8, NULL, NULL, NULL, NULL),
(313, 'receipt', 'Produire fiche de paie', 'Payroll', 8, NULL, NULL, NULL, NULL),
(314, 'paymentReceipt', 'Recu de paiement', 'Billings', 8, NULL, NULL, NULL, NULL),
(315, 'create', 'Ajouter libelle frais', 'FeesLabel', 8, NULL, NULL, NULL, NULL),
(316, 'update', 'Modifier libelle frais', 'FeesLabel', 8, NULL, NULL, NULL, NULL),
(317, 'delete', 'Supprimer libelle frais', 'FeesLabel', 8, NULL, NULL, NULL, NULL),
(318, 'index', 'Liste des libelles frais', 'FeesLabel', 8, NULL, NULL, NULL, NULL),
(319, 'uploadLogo', 'Upload logo', 'Generalconfig', 1, NULL, NULL, NULL, NULL),
(320, 'etatF', 'Voir les etats financiers', 'Reports', 8, NULL, NULL, NULL, NULL),
(321, 'taxreport', 'Rapport taxe', 'Reports', 8, NULL, NULL, NULL, NULL),
(322, 'create', 'Ajouter une nouvelle vente', 'Sellings', 8, NULL, NULL, NULL, NULL),
(323, 'return', 'Liste des produits retournés', 'Sellings', 8, NULL, NULL, NULL, NULL),
(324, 'returnitem', 'Retourner un produit', 'Sellings', 8, NULL, NULL, NULL, NULL),
(325, 'admin', 'Afficher le rapport de vente', 'Sellings', 8, NULL, NULL, NULL, NULL),
(326, 'emptyCart', 'Vider le panier de vente', 'Sellings', 8, NULL, NULL, NULL, NULL),
(327, 'index', 'Liste des produits en dépot', 'Products', 8, NULL, NULL, NULL, NULL),
(328, 'create', 'Ajouter un produit', 'Stocks', 8, NULL, NULL, NULL, NULL),
(329, 'update', 'Modifier produit en dépôt', 'Products', 8, NULL, NULL, NULL, NULL),
(330, 'delete', 'Supprimer un produit en dépôt', 'Products', 8, NULL, NULL, NULL, NULL),
(331, 'create', 'Ajouter un nouveau produit en dépôt', 'Products', 8, NULL, NULL, NULL, NULL),
(332, 'update', 'Modifier le dépôt', 'Stocks', 8, NULL, NULL, NULL, NULL),
(333, 'uploadLogo', 'Gérer carrousel portal', 'CmsArticle', 12, NULL, NULL, NULL, NULL),
(334, 'addCourse', 'Ajouter cours dans l\'horaire', 'Schedules', 7, NULL, NULL, NULL, NULL),
(335, 'schedulesAgenda', 'Liste des heures de cours pour l\'agenda', 'ScheduleAgenda', 7, NULL, NULL, NULL, NULL),
(336, 'viewForAgenda', 'Voir plus de details sur un cours en mode agenda', 'ScheduleAgenda', 7, NULL, NULL, NULL, NULL),
(337, 'index', 'Vue globale des heures de cours d\'une salle par semaine', 'ScheduleAgenda', 7, NULL, NULL, NULL, NULL),
(338, 'addCourse', 'Ajouter cours dans l\'agenda', 'ScheduleAgenda', 7, NULL, NULL, NULL, NULL),
(339, 'create', 'Ajouter/Modifier cours dans l\'agenda', 'ScheduleAgenda', 7, NULL, NULL, NULL, NULL),
(340, 'schedulesAgenda', 'Liste des heures de cours pour l\'agenda', 'Persons', 9, NULL, NULL, NULL, NULL),
(341, 'index', 'Vue globale des heures de cours d\'une salle/semaine pour INVITE', 'ScheduleAgenda', 10, NULL, NULL, NULL, NULL),
(342, 'schedulesAgenda', 'Liste des heures de cours pour l\'agenda', 'ScheduleAgenda', 10, NULL, NULL, NULL, NULL),
(343, 'viewForAgenda', 'Voir plus de details sur un cours en mode agenda', 'ScheduleAgenda', 10, NULL, NULL, NULL, NULL),
(344, 'updateArticle', 'Modifier article inline', 'CmsArticle', 12, NULL, NULL, NULL, NULL),
(345, 'admin', 'Liste de menu du portail', 'CmsMenu', 12, NULL, NULL, NULL, NULL),
(346, 'updateMenu', 'Modifier menu inline', 'CmsMenu', 12, NULL, NULL, NULL, NULL),
(347, 'index', 'liste des documents charges', 'CmsDoc', 12, NULL, NULL, NULL, NULL),
(348, 'create', 'Charger un nouveau document', 'CmsDoc', 12, NULL, NULL, NULL, NULL),
(349, 'update', 'Modifier un document charge', 'CmsDoc', 12, NULL, NULL, NULL, NULL),
(350, 'delete', 'Supprimer un document charge', 'CmsDoc', 12, NULL, NULL, NULL, NULL),
(351, 'create', 'Ajouter des observations pour les bulletins', 'ReportcardObservation', 1, NULL, NULL, NULL, NULL),
(352, 'updateObservation', 'Modifier observation inline', 'ReportcardObservation', 1, NULL, NULL, NULL, NULL),
(353, 'gridcreateCourse', 'Ajouter plusieurs cours par salle', 'Courses', 7, NULL, NULL, NULL, NULL),
(354, 'view', 'Voir les info d\'un document qui a ete charge', 'CmsDoc', 12, NULL, NULL, NULL, NULL),
(355, 'massAddingFees', 'Ajouter plusieurs frais par classe', 'Fees', 1, NULL, NULL, NULL, NULL),
(356, 'massAddingInfractionType', 'Ajouter plusieurs type d\'infraction', 'InfractionType', 11, NULL, NULL, NULL, NULL),
(357, 'massAddingSubjects', 'Créer plusieurs matières', 'Subjects', 7, NULL, NULL, NULL, NULL),
(358, 'index', 'Migration élèves', 'Datamigration', 7, NULL, NULL, NULL, NULL),
(359, 'employees', 'Migration employé', 'Datamigration', 7, NULL, NULL, NULL, NULL),
(360, 'fdm', 'Produire fiche de declaration mensuelle', 'Reports', 8, NULL, NULL, NULL, NULL),
(361, 'massAddingScholarship', 'Ajouter les infos pour un boursier', 'Scholarshipholder', 8, NULL, NULL, NULL, NULL),
(362, 'delete', 'Supprimer un article dans le panier', 'Sellings', 8, NULL, NULL, NULL, NULL),
(363, 'index', 'Liste des fourchettes pour le calcul d\'IRI', 'Bareme', 8, NULL, NULL, NULL, NULL),
(364, 'create', 'Ajouter les fourchettes permettant de calculer l\'IRI', 'Bareme', 8, NULL, NULL, NULL, NULL),
(365, 'update', 'Modifier les fourchettes permettant de calculer l\'IRI', 'Bareme', 8, NULL, NULL, NULL, NULL),
(366, 'delete', 'Supprimer les fourchettes permettant de  calculer l\'IRI', 'Bareme', 8, NULL, NULL, NULL, NULL),
(367, 'create', 'Créer champ personalisable', 'CustomField', 1, NULL, NULL, NULL, NULL),
(368, 'update', 'Modifier champ personalisable', 'CustomField', 1, NULL, NULL, NULL, NULL),
(369, 'delete', 'Supprimer champ personalisable', 'CustomField', 1, NULL, NULL, NULL, NULL),
(370, 'index', 'Lister champ personalisable', 'CustomField', 1, NULL, NULL, NULL, NULL),
(371, 'deletedoc', 'Supprimer un document de l\'eleve', 'Persons', 9, NULL, NULL, NULL, NULL),
(372, 'index', 'Listes des documents archives', 'Documents', 7, NULL, NULL, NULL, NULL),
(373, 'index', 'Liste des observations pour les bulletins', 'ReportcardObservation', 1, NULL, NULL, NULL, NULL),
(374, 'delete', 'Supprimer une observation du bulletin', 'ReportcardObservation', 1, NULL, NULL, NULL, NULL),
(375, 'update', 'Modifier les observations du bulletin', 'ReportcardObservation', 1, NULL, NULL, NULL, NULL),
(376, 'transcriptNotesSearch', 'Recherche pour releve de notes', 'Persons', 9, NULL, NULL, NULL, NULL),
(377, 'transcriptNotes', 'Imprimer releve de notes', 'Persons', 9, NULL, NULL, NULL, NULL),
(378, 'viewcontact', 'Liste des contacts (vue eleve)', 'ContactInfo', 10, NULL, NULL, NULL, NULL),
(379, 'viewApprovePostulant', 'Voir la liste des postulants acceptes', 'Postulant', 9, NULL, NULL, NULL, NULL),
(380, 'decisionAdmission', 'Afficher la liste des postulants pour lesquels on va decider', 'Postulant', 9, NULL, NULL, NULL, NULL),
(381, 'create', 'Ajouter un postulant', 'Postulant', 9, NULL, NULL, NULL, NULL),
(382, 'update', 'Modifier les infos d\'un postulant', 'Postulant', 9, NULL, NULL, NULL, NULL),
(383, 'delete', 'Supprimer un postulant', 'Postulant', 9, NULL, NULL, NULL, NULL),
(384, 'create', 'Encaisser un frais d\'inscription', 'EnrollmentIncome', 8, NULL, NULL, NULL, NULL),
(385, 'update', 'Modifier un encaissement de frais d\'inscription', 'EnrollmentIncome', 8, NULL, NULL, NULL, NULL),
(386, 'delete', 'Supprimer un encaissement d\'un frais d\'inscription', 'EnrollmentIncome', 8, NULL, NULL, NULL, NULL),
(387, 'index', 'Liste paiement des postulants', 'EnrollmentIncome', 8, NULL, NULL, NULL, NULL),
(388, 'exempt', 'Dispenser quelqu\'un de sa dette', 'Scholarshipholder', 8, NULL, NULL, NULL, NULL),
(389, 'index_exempt', 'Liste des dettes annulées', 'Scholarshipholder', 8, NULL, NULL, NULL, NULL),
(390, 'index', 'Afficher la liste des examen du MENFP', 'ExamenMenfp', 9, NULL, NULL, NULL, NULL),
(391, 'create', 'Ajouter les examen du MENFP', 'ExamenMenfp', 9, NULL, NULL, NULL, NULL),
(392, 'update', 'Modifier examen du MENFP', 'ExamenMenfp', 9, NULL, NULL, NULL, NULL),
(393, 'delete', 'Supprimer un examen du MENFP', 'ExamenMenfp', 9, NULL, NULL, NULL, NULL),
(394, 'index', 'Afficher la liste des participants au examen du MENFP', 'MenfpGrades', 9, NULL, NULL, NULL, NULL),
(395, 'create', 'Ajouter ou Modifier les notes(MENFP) d\'un participant', 'MenfpGrades', 9, NULL, NULL, NULL, NULL),
(396, 'delete', 'Supprimer une note(MENFP) d\'un participant', 'MenfpGrades', 9, NULL, NULL, NULL, NULL),
(397, 'view', 'Voir notes et decision d\'un participant au MENFP', 'MenfpGrades', 9, NULL, NULL, NULL, NULL),
(398, 'yearMigrationCheck', 'Migration des donnés de l\'année précédente', 'Reportcard', 6, NULL, NULL, NULL, NULL),
(399, 'periodsSummary', 'Sommaire des periodes', 'Reportcard', 6, NULL, NULL, NULL, NULL),
(400, 'index', 'Afficher la liste des reservations', 'Reservation', 8, NULL, NULL, NULL, NULL),
(401, 'create', 'Ajouter une reservation', 'Reservation', 8, NULL, NULL, NULL, NULL),
(402, 'update', 'Modifier une reservation', 'Reservation', 8, NULL, NULL, NULL, NULL),
(403, 'delete', 'Supprimer une reservation', 'Reservation', 8, NULL, NULL, NULL, NULL),
(404, 'view', 'Afficher une reservation', 'Reservation', 8, NULL, NULL, NULL, NULL),
(405, 'updateEndYearDecision', 'Modifier la décision finale pour une salle', 'Reportcard', 6, NULL, NULL, NULL, NULL),
(406, 'palmares', 'palmares', 'Palmares', 9, NULL, NULL, NULL, NULL),
(407, 'index', 'accueil palmares', 'Palmares', 9, NULL, NULL, NULL, NULL),
(408, 'carrousel', 'Gérer caroussel', 'CmsArticle', 12, NULL, NULL, NULL, NULL),
(409, 'lisimaj', 'Liste des images du caroussel', 'CmsArticle', 12, NULL, NULL, NULL, NULL),
(410, 'updateCarrousel', 'Mise à jour label image caroussel in line', 'CmsArticle', 12, NULL, NULL, NULL, NULL),
(411, 'deleteCaroussel', 'Supprimer image caroussel', 'CmsArticle', 9, NULL, NULL, NULL, NULL),
(412, 'updategrade', 'Modifier les notes depuis le palmares', 'Palmares', 9, NULL, NULL, NULL, NULL),
(413, 'deleteCarrousel', 'Supprimer image carrousel', 'CmsArticle', 12, NULL, NULL, NULL, NULL),
(414, 'validation', 'Valider dans le nouveau palmares', 'Palmares', 9, NULL, NULL, NULL, NULL),
(415, 'create', 'Preparer les ID cartes', 'Idcard', 13, NULL, NULL, NULL, NULL),
(416, 'index', 'Imprimer les ID cartes', 'Idcard', 13, NULL, NULL, NULL, NULL),
(417, 'deletecard', 'Supprimer une ID carte', 'Idcard', 13, NULL, NULL, NULL, NULL),
(418, 'printidcard', 'Imprimer une ID carte', 'Idcard', 13, NULL, NULL, NULL, NULL),
(419, 'index', 'Liste evaluation kindergarden', 'KinderEvaluation', 14, NULL, NULL, NULL, NULL),
(420, 'create', 'Créer evaluation kindergarden', 'KinderEvaluation', 14, NULL, NULL, NULL, NULL),
(421, 'list', 'Liste kindergarden', 'KinderEvaluation', 14, NULL, NULL, NULL, NULL),
(422, 'index', 'Configuration Kindergarden', 'KinderPeriod', 14, NULL, NULL, NULL, NULL),
(423, 'index', 'Liste evaluation kindergarden', 'KinderEvaluation', 14, NULL, NULL, NULL, NULL),
(424, 'index', 'Liste des appreciations', 'AppreciationsGrid', 1, NULL, NULL, NULL, NULL),
(425, 'create', 'Ajouter des appreciations', 'AppreciationsGrid', 1, NULL, NULL, NULL, NULL),
(426, 'update', 'Modifier les appreciations', 'AppreciationsGrid', 1, NULL, NULL, NULL, NULL),
(427, 'delete', 'Supprimer une appreciation', 'AppreciationsGrid', 1, NULL, NULL, NULL, NULL),
(428, 'updateAppreciation', 'Modifier appreciations inline', 'AppreciationsGrid', 1, NULL, NULL, NULL, NULL),
(429, 'create', 'Ajouter des notes de devoir', 'Devoirs', 9, NULL, NULL, NULL, NULL),
(430, 'update', 'Modifier des notes de devoir', 'Devoirs', 9, NULL, NULL, NULL, NULL),
(431, 'delete', 'Supprimer des notes de devoir', 'Devoirs', 9, NULL, NULL, NULL, NULL),
(432, 'index', 'Lister des notes de devoir', 'Devoirs', 9, NULL, NULL, NULL, NULL),
(433, 'temporary', 'Imprimer les cartes temporaires', 'Idcard', 13, NULL, NULL, NULL, NULL);



--
-- Truncate table before insert `groups`
--

-- TRUNCATE TABLE `groups`;
--
-- Dumping data for table `groups`
--

INSERT IGNORE INTO `groups` (`id`, `group_name`, `belongs_to_profil`, `create_date`, `update_date`, `create_by`, `update_by`) VALUES
(1, 'Developer', 1, '2015-05-04 00:00:00', '2019-09-05 00:00:00', '_developer_', 'LOGIPAM'),
(2, 'Default Group', 5, NULL, '2015-05-07 00:00:00', NULL, '_developer_'),
(3, 'Student', 5, NULL, '2015-08-31 00:00:00', NULL, '_developer_'),
(4, 'Parent', 5, NULL, '2015-08-30 00:00:00', NULL, '_developer_'),
(5, 'Direction', 1, NULL, '2019-09-05 00:00:00', NULL, 'LOGIPAM'),
(6, 'Administration', 2, NULL, '2019-09-05 00:00:00', NULL, 'LOGIPAM'),
(7, 'Economat', 3, NULL, '2016-07-07 00:00:00', NULL, '_developer_'),
(8, 'Teacher', 4, NULL, '2015-09-03 00:00:00', NULL, '_developer_'),
(9, 'Reporter', 6, NULL, '2016-07-04 00:00:00', NULL, '_developer_'),
(10, 'Discipline', 2, '2015-09-05 00:00:00', '2015-09-06 00:00:00', '_developer_', '_developer_'),
(11, 'Pedagogie', 2, '2015-09-06 00:00:00', '2019-09-05 00:00:00', '_developer_', 'LOGIPAM'),
(12, 'Publication', 7, '2016-04-14 00:00:00', '2016-04-16 00:00:00', 'master_user', 'master_user'),
(13, 'Economat ADM', 3, '2016-07-09 00:00:00', '2019-08-21 00:00:00', '_developer_', 'LOGIPAM'),
(14, 'Administrateur systeme', 1, '2016-12-10 00:00:00', '2019-09-05 00:00:00', '_developer_', 'LOGIPAM'),
(15, 'Kinder', 2, '2019-08-11 00:00:00', NULL, 'LOGIPAM', NULL),
(16, 'Prefet-1', 2, '2019-08-21 00:00:00', '2019-08-21 00:00:00', 'LOGIPAM', 'LOGIPAM'),
(17, 'Prefet-2', 2, '2019-08-21 00:00:00', NULL, 'LOGIPAM', NULL),
(18, 'Surveillant', 2, '2019-08-21 00:00:00', NULL, 'LOGIPAM', NULL);


--
-- Truncate table before insert `groups_has_actions`
--

-- TRUNCATE TABLE `groups_has_actions`;
--
-- Dumping data for table `groups_has_actions`
--

INSERT INTO `groups_has_actions` (`groups_id`, `actions_id`) VALUES
(1, 1),
(5, 1),
(14, 1),
(1, 2),
(5, 2),
(14, 2),
(1, 3),
(5, 3),
(7, 3),
(10, 3),
(13, 3),
(14, 3),
(15, 3),
(1, 4),
(5, 4),
(14, 4),
(1, 5),
(5, 5),
(8, 5),
(14, 5),
(1, 6),
(3, 6),
(4, 6),
(5, 6),
(6, 6),
(7, 6),
(8, 6),
(9, 6),
(10, 6),
(11, 6),
(12, 6),
(13, 6),
(14, 6),
(15, 6),
(16, 6),
(17, 6),
(18, 6),
(1, 7),
(5, 7),
(7, 7),
(10, 7),
(12, 7),
(13, 7),
(14, 7),
(15, 7),
(1, 8),
(5, 8),
(14, 8),
(1, 9),
(5, 9),
(6, 9),
(7, 9),
(8, 9),
(10, 9),
(11, 9),
(12, 9),
(13, 9),
(14, 9),
(15, 9),
(1, 10),
(5, 10),
(6, 10),
(7, 10),
(8, 10),
(10, 10),
(11, 10),
(12, 10),
(13, 10),
(14, 10),
(15, 10),
(1, 11),
(5, 11),
(6, 11),
(7, 11),
(8, 11),
(10, 11),
(11, 11),
(12, 11),
(13, 11),
(14, 11),
(15, 11),
(1, 12),
(5, 12),
(6, 12),
(7, 12),
(10, 12),
(11, 12),
(13, 12),
(14, 12),
(15, 12),
(1, 13),
(5, 13),
(6, 13),
(10, 13),
(14, 13),
(15, 13),
(1, 14),
(5, 14),
(6, 14),
(7, 14),
(10, 14),
(11, 14),
(13, 14),
(14, 14),
(15, 14),
(1, 15),
(5, 15),
(6, 15),
(7, 15),
(10, 15),
(11, 15),
(12, 15),
(13, 15),
(14, 15),
(15, 15),
(1, 16),
(5, 16),
(6, 16),
(7, 16),
(10, 16),
(11, 16),
(12, 16),
(13, 16),
(14, 16),
(15, 16),
(1, 17),
(5, 17),
(6, 17),
(7, 17),
(10, 17),
(11, 17),
(12, 17),
(13, 17),
(14, 17),
(15, 17),
(1, 18),
(5, 18),
(6, 18),
(7, 18),
(10, 18),
(11, 18),
(12, 18),
(13, 18),
(14, 18),
(15, 18),
(1, 19),
(5, 19),
(6, 19),
(7, 19),
(10, 19),
(11, 19),
(13, 19),
(14, 19),
(15, 19),
(1, 20),
(5, 20),
(6, 20),
(7, 20),
(10, 20),
(11, 20),
(12, 20),
(13, 20),
(14, 20),
(15, 20),
(1, 21),
(5, 21),
(6, 21),
(7, 21),
(10, 21),
(11, 21),
(13, 21),
(14, 21),
(15, 21),
(1, 22),
(5, 22),
(6, 22),
(7, 22),
(10, 22),
(11, 22),
(13, 22),
(14, 22),
(15, 22),
(1, 23),
(5, 23),
(6, 23),
(7, 23),
(10, 23),
(11, 23),
(12, 23),
(13, 23),
(14, 23),
(15, 23),
(1, 24),
(5, 24),
(6, 24),
(7, 24),
(11, 24),
(13, 24),
(14, 24),
(1, 25),
(5, 25),
(6, 25),
(7, 25),
(10, 25),
(11, 25),
(12, 25),
(13, 25),
(14, 25),
(1, 26),
(5, 26),
(6, 26),
(7, 26),
(10, 26),
(11, 26),
(13, 26),
(14, 26),
(15, 26),
(1, 27),
(5, 27),
(6, 27),
(7, 27),
(8, 27),
(10, 27),
(11, 27),
(13, 27),
(14, 27),
(15, 27),
(1, 28),
(5, 28),
(6, 28),
(7, 28),
(8, 28),
(10, 28),
(11, 28),
(12, 28),
(13, 28),
(14, 28),
(15, 28),
(1, 29),
(5, 29),
(6, 29),
(7, 29),
(11, 29),
(13, 29),
(14, 29),
(1, 30),
(5, 30),
(6, 30),
(7, 30),
(10, 30),
(11, 30),
(12, 30),
(13, 30),
(14, 30),
(15, 30),
(1, 31),
(5, 31),
(6, 31),
(7, 31),
(10, 31),
(11, 31),
(13, 31),
(14, 31),
(15, 31),
(1, 32),
(5, 32),
(6, 32),
(7, 32),
(10, 32),
(11, 32),
(13, 32),
(14, 32),
(15, 32),
(1, 33),
(5, 33),
(6, 33),
(7, 33),
(10, 33),
(11, 33),
(12, 33),
(13, 33),
(14, 33),
(15, 33),
(1, 34),
(5, 34),
(6, 34),
(7, 34),
(11, 34),
(13, 34),
(14, 34),
(1, 35),
(5, 35),
(6, 35),
(7, 35),
(10, 35),
(11, 35),
(12, 35),
(13, 35),
(14, 35),
(15, 35),
(1, 36),
(5, 36),
(6, 36),
(7, 36),
(11, 36),
(13, 36),
(14, 36),
(1, 37),
(5, 37),
(6, 37),
(7, 37),
(10, 37),
(11, 37),
(13, 37),
(14, 37),
(15, 37),
(1, 38),
(5, 38),
(6, 38),
(7, 38),
(10, 38),
(11, 38),
(12, 38),
(13, 38),
(14, 38),
(15, 38),
(1, 39),
(5, 39),
(6, 39),
(7, 39),
(11, 39),
(13, 39),
(14, 39),
(1, 40),
(5, 40),
(6, 40),
(7, 40),
(8, 40),
(10, 40),
(11, 40),
(12, 40),
(13, 40),
(14, 40),
(15, 40),
(16, 40),
(1, 41),
(5, 41),
(6, 41),
(8, 41),
(11, 41),
(12, 41),
(14, 41),
(16, 41),
(1, 42),
(5, 42),
(6, 42),
(8, 42),
(11, 42),
(12, 42),
(14, 42),
(16, 42),
(1, 43),
(5, 43),
(6, 43),
(7, 43),
(8, 43),
(10, 43),
(11, 43),
(12, 43),
(13, 43),
(14, 43),
(15, 43),
(16, 43),
(1, 44),
(5, 44),
(6, 44),
(8, 44),
(11, 44),
(12, 44),
(14, 44),
(1, 45),
(5, 45),
(6, 45),
(7, 45),
(8, 45),
(10, 45),
(11, 45),
(12, 45),
(13, 45),
(14, 45),
(15, 45),
(16, 45),
(1, 46),
(5, 46),
(6, 46),
(7, 46),
(13, 46),
(14, 46),
(1, 47),
(5, 47),
(6, 47),
(7, 47),
(13, 47),
(14, 47),
(1, 48),
(5, 48),
(6, 48),
(7, 48),
(13, 48),
(14, 48),
(1, 49),
(5, 49),
(6, 49),
(7, 49),
(13, 49),
(14, 49),
(1, 50),
(5, 50),
(6, 50),
(7, 50),
(13, 50),
(14, 50),
(1, 51),
(5, 51),
(6, 51),
(7, 51),
(13, 51),
(14, 51),
(1, 52),
(5, 52),
(6, 52),
(7, 52),
(13, 52),
(14, 52),
(1, 53),
(5, 53),
(6, 53),
(7, 53),
(13, 53),
(14, 53),
(1, 54),
(5, 54),
(7, 54),
(13, 54),
(14, 54),
(1, 55),
(5, 55),
(6, 55),
(7, 55),
(8, 55),
(10, 55),
(11, 55),
(12, 55),
(13, 55),
(14, 55),
(15, 55),
(1, 56),
(5, 56),
(6, 56),
(7, 56),
(10, 56),
(11, 56),
(13, 56),
(14, 56),
(15, 56),
(1, 57),
(5, 57),
(6, 57),
(7, 57),
(10, 57),
(11, 57),
(13, 57),
(14, 57),
(15, 57),
(1, 58),
(5, 58),
(6, 58),
(7, 58),
(10, 58),
(11, 58),
(13, 58),
(14, 58),
(15, 58),
(1, 59),
(5, 59),
(6, 59),
(7, 59),
(10, 59),
(11, 59),
(13, 59),
(14, 59),
(15, 59),
(1, 60),
(5, 60),
(6, 60),
(7, 60),
(10, 60),
(11, 60),
(12, 60),
(13, 60),
(14, 60),
(15, 60),
(16, 60),
(18, 60),
(1, 61),
(5, 61),
(6, 61),
(11, 61),
(14, 61),
(1, 62),
(5, 62),
(6, 62),
(11, 62),
(14, 62),
(1, 63),
(5, 63),
(6, 63),
(7, 63),
(10, 63),
(11, 63),
(12, 63),
(13, 63),
(14, 63),
(15, 63),
(16, 63),
(1, 64),
(5, 64),
(6, 64),
(7, 64),
(8, 64),
(10, 64),
(11, 64),
(12, 64),
(13, 64),
(14, 64),
(15, 64),
(16, 64),
(18, 64),
(1, 65),
(5, 65),
(6, 65),
(11, 65),
(14, 65),
(1, 66),
(5, 66),
(6, 66),
(7, 66),
(10, 66),
(11, 66),
(12, 66),
(13, 66),
(14, 66),
(15, 66),
(1, 67),
(5, 67),
(6, 67),
(11, 67),
(14, 67),
(1, 68),
(5, 68),
(6, 68),
(11, 68),
(14, 68),
(1, 69),
(5, 69),
(6, 69),
(7, 69),
(10, 69),
(11, 69),
(12, 69),
(13, 69),
(14, 69),
(15, 69),
(1, 70),
(5, 70),
(6, 70),
(11, 70),
(14, 70),
(1, 71),
(5, 71),
(6, 71),
(7, 71),
(8, 71),
(10, 71),
(11, 71),
(12, 71),
(13, 71),
(14, 71),
(15, 71),
(1, 72),
(5, 72),
(6, 72),
(11, 72),
(14, 72),
(1, 73),
(5, 73),
(6, 73),
(11, 73),
(14, 73),
(1, 74),
(5, 74),
(6, 74),
(7, 74),
(10, 74),
(11, 74),
(12, 74),
(13, 74),
(14, 74),
(15, 74),
(18, 74),
(1, 75),
(5, 75),
(6, 75),
(11, 75),
(14, 75),
(1, 76),
(5, 76),
(6, 76),
(7, 76),
(10, 76),
(11, 76),
(12, 76),
(13, 76),
(14, 76),
(15, 76),
(16, 76),
(18, 76),
(1, 77),
(5, 77),
(6, 77),
(10, 77),
(11, 77),
(14, 77),
(15, 77),
(1, 78),
(5, 78),
(6, 78),
(10, 78),
(11, 78),
(14, 78),
(15, 78),
(1, 79),
(5, 79),
(6, 79),
(7, 79),
(10, 79),
(11, 79),
(12, 79),
(13, 79),
(14, 79),
(15, 79),
(16, 79),
(18, 79),
(1, 80),
(5, 80),
(6, 80),
(7, 80),
(8, 80),
(10, 80),
(11, 80),
(12, 80),
(13, 80),
(14, 80),
(15, 80),
(18, 80),
(1, 81),
(5, 81),
(6, 81),
(10, 81),
(11, 81),
(12, 81),
(14, 81),
(15, 81),
(1, 82),
(5, 82),
(6, 82),
(10, 82),
(11, 82),
(14, 82),
(15, 82),
(1, 83),
(5, 83),
(6, 83),
(11, 83),
(14, 83),
(1, 84),
(5, 84),
(6, 84),
(11, 84),
(14, 84),
(1, 85),
(5, 85),
(6, 85),
(11, 85),
(14, 85),
(1, 86),
(5, 86),
(6, 86),
(11, 86),
(14, 86),
(1, 87),
(5, 87),
(6, 87),
(11, 87),
(14, 87),
(1, 88),
(5, 88),
(6, 88),
(11, 88),
(14, 88),
(1, 89),
(5, 89),
(6, 89),
(11, 89),
(14, 89),
(1, 90),
(5, 90),
(6, 90),
(11, 90),
(14, 90),
(1, 91),
(5, 91),
(6, 91),
(11, 91),
(14, 91),
(1, 92),
(5, 92),
(6, 92),
(11, 92),
(14, 92),
(1, 93),
(5, 93),
(6, 93),
(14, 93),
(1, 94),
(5, 94),
(6, 94),
(14, 94),
(1, 95),
(5, 95),
(6, 95),
(14, 95),
(1, 96),
(5, 96),
(6, 96),
(14, 96),
(1, 97),
(5, 97),
(6, 97),
(14, 97),
(1, 98),
(5, 98),
(6, 98),
(11, 98),
(14, 98),
(1, 99),
(5, 99),
(6, 99),
(11, 99),
(14, 99),
(1, 100),
(5, 100),
(6, 100),
(11, 100),
(14, 100),
(1, 101),
(5, 101),
(6, 101),
(11, 101),
(14, 101),
(1, 102),
(5, 102),
(6, 102),
(11, 102),
(14, 102),
(1, 103),
(5, 103),
(6, 103),
(13, 103),
(14, 103),
(1, 104),
(5, 104),
(6, 104),
(13, 104),
(14, 104),
(1, 105),
(5, 105),
(6, 105),
(13, 105),
(14, 105),
(1, 106),
(5, 106),
(6, 106),
(13, 106),
(14, 106),
(1, 107),
(5, 107),
(6, 107),
(13, 107),
(14, 107),
(1, 108),
(5, 108),
(6, 108),
(11, 108),
(14, 108),
(1, 109),
(5, 109),
(6, 109),
(11, 109),
(14, 109),
(1, 110),
(5, 110),
(6, 110),
(11, 110),
(14, 110),
(1, 111),
(5, 111),
(6, 111),
(11, 111),
(14, 111),
(1, 112),
(5, 112),
(6, 112),
(11, 112),
(14, 112),
(1, 113),
(5, 113),
(6, 113),
(14, 113),
(1, 114),
(5, 114),
(6, 114),
(14, 114),
(1, 115),
(5, 115),
(6, 115),
(14, 115),
(1, 116),
(5, 116),
(6, 116),
(14, 116),
(1, 117),
(5, 117),
(6, 117),
(14, 117),
(1, 118),
(5, 118),
(6, 118),
(14, 118),
(1, 119),
(5, 119),
(6, 119),
(14, 119),
(1, 120),
(5, 120),
(6, 120),
(14, 120),
(1, 121),
(5, 121),
(6, 121),
(14, 121),
(1, 122),
(5, 122),
(6, 122),
(14, 122),
(1, 123),
(5, 123),
(6, 123),
(14, 123),
(1, 124),
(5, 124),
(6, 124),
(11, 124),
(14, 124),
(1, 125),
(5, 125),
(6, 125),
(11, 125),
(14, 125),
(1, 126),
(5, 126),
(6, 126),
(11, 126),
(14, 126),
(1, 127),
(5, 127),
(6, 127),
(11, 127),
(14, 127),
(1, 128),
(5, 128),
(6, 128),
(11, 128),
(14, 128),
(1, 129),
(5, 129),
(6, 129),
(11, 129),
(14, 129),
(1, 130),
(5, 130),
(6, 130),
(11, 130),
(14, 130),
(1, 131),
(5, 131),
(6, 131),
(11, 131),
(14, 131),
(1, 132),
(5, 132),
(6, 132),
(11, 132),
(14, 132),
(1, 133),
(5, 133),
(6, 133),
(11, 133),
(14, 133),
(1, 134),
(5, 134),
(6, 134),
(13, 134),
(14, 134),
(1, 135),
(5, 135),
(6, 135),
(13, 135),
(14, 135),
(1, 136),
(5, 136),
(6, 136),
(13, 136),
(14, 136),
(1, 137),
(5, 137),
(6, 137),
(13, 137),
(14, 137),
(1, 138),
(5, 138),
(6, 138),
(13, 138),
(14, 138),
(1, 139),
(5, 139),
(6, 139),
(11, 139),
(14, 139),
(1, 140),
(5, 140),
(6, 140),
(11, 140),
(14, 140),
(1, 141),
(5, 141),
(6, 141),
(11, 141),
(14, 141),
(1, 142),
(5, 142),
(6, 142),
(11, 142),
(14, 142),
(1, 143),
(5, 143),
(6, 143),
(11, 143),
(14, 143),
(1, 144),
(5, 144),
(6, 144),
(11, 144),
(14, 144),
(1, 145),
(5, 145),
(6, 145),
(11, 145),
(14, 145),
(1, 146),
(5, 146),
(6, 146),
(11, 146),
(14, 146),
(1, 147),
(5, 147),
(6, 147),
(11, 147),
(14, 147),
(1, 148),
(5, 148),
(6, 148),
(11, 148),
(14, 148),
(1, 149),
(5, 149),
(6, 149),
(11, 149),
(14, 149),
(1, 150),
(5, 150),
(6, 150),
(11, 150),
(14, 150),
(1, 151),
(5, 151),
(6, 151),
(11, 151),
(14, 151),
(1, 152),
(5, 152),
(6, 152),
(11, 152),
(14, 152),
(1, 153),
(5, 153),
(6, 153),
(11, 153),
(14, 153),
(1, 154),
(5, 154),
(11, 154),
(14, 154),
(1, 155),
(5, 155),
(6, 155),
(11, 155),
(14, 155),
(1, 156),
(5, 156),
(6, 156),
(11, 156),
(14, 156),
(1, 157),
(5, 157),
(6, 157),
(11, 157),
(14, 157),
(1, 158),
(5, 158),
(6, 158),
(11, 158),
(14, 158),
(1, 159),
(5, 159),
(6, 159),
(11, 159),
(14, 159),
(1, 160),
(5, 160),
(6, 160),
(11, 160),
(14, 160),
(1, 161),
(5, 161),
(6, 161),
(11, 161),
(14, 161),
(1, 162),
(5, 162),
(6, 162),
(11, 162),
(14, 162),
(1, 163),
(5, 163),
(6, 163),
(11, 163),
(14, 163),
(1, 164),
(5, 164),
(6, 164),
(11, 164),
(14, 164),
(1, 165),
(5, 165),
(6, 165),
(11, 165),
(14, 165),
(1, 166),
(5, 166),
(6, 166),
(11, 166),
(14, 166),
(1, 167),
(5, 167),
(6, 167),
(11, 167),
(14, 167),
(1, 168),
(5, 168),
(6, 168),
(11, 168),
(14, 168),
(1, 169),
(5, 169),
(14, 169),
(1, 170),
(5, 170),
(14, 170),
(1, 171),
(5, 171),
(14, 171),
(1, 172),
(5, 172),
(14, 172),
(1, 173),
(5, 173),
(14, 173),
(1, 174),
(5, 174),
(14, 174),
(1, 175),
(5, 175),
(14, 175),
(1, 176),
(5, 176),
(14, 176),
(1, 177),
(5, 177),
(14, 177),
(1, 178),
(5, 178),
(14, 178),
(1, 179),
(5, 179),
(14, 179),
(1, 180),
(5, 180),
(14, 180),
(1, 181),
(5, 181),
(14, 181),
(1, 182),
(5, 182),
(14, 182),
(1, 183),
(5, 183),
(14, 183),
(1, 184),
(5, 184),
(6, 184),
(11, 184),
(14, 184),
(1, 185),
(3, 185),
(4, 185),
(5, 185),
(6, 185),
(14, 185),
(1, 186),
(3, 186),
(4, 186),
(5, 186),
(6, 186),
(14, 186),
(1, 187),
(3, 187),
(4, 187),
(5, 187),
(6, 187),
(14, 187),
(1, 188),
(4, 188),
(5, 188),
(6, 188),
(14, 188),
(1, 189),
(4, 189),
(5, 189),
(6, 189),
(14, 189),
(1, 190),
(3, 190),
(4, 190),
(5, 190),
(6, 190),
(14, 190),
(1, 191),
(3, 191),
(4, 191),
(5, 191),
(6, 191),
(14, 191),
(1, 192),
(3, 192),
(4, 192),
(5, 192),
(6, 192),
(14, 192),
(1, 193),
(3, 193),
(4, 193),
(5, 193),
(6, 193),
(14, 193),
(1, 194),
(3, 194),
(4, 194),
(5, 194),
(6, 194),
(14, 194),
(1, 195),
(3, 195),
(4, 195),
(5, 195),
(6, 195),
(14, 195),
(1, 196),
(3, 196),
(4, 196),
(5, 196),
(6, 196),
(14, 196),
(1, 197),
(3, 197),
(4, 197),
(5, 197),
(6, 197),
(14, 197),
(1, 198),
(3, 198),
(4, 198),
(5, 198),
(6, 198),
(14, 198),
(1, 200),
(3, 200),
(4, 200),
(5, 200),
(6, 200),
(14, 200),
(1, 201),
(5, 201),
(6, 201),
(7, 201),
(8, 201),
(10, 201),
(11, 201),
(12, 201),
(13, 201),
(14, 201),
(15, 201),
(1, 202),
(5, 202),
(6, 202),
(7, 202),
(8, 202),
(10, 202),
(11, 202),
(12, 202),
(13, 202),
(14, 202),
(15, 202),
(1, 203),
(5, 203),
(6, 203),
(7, 203),
(8, 203),
(10, 203),
(11, 203),
(12, 203),
(13, 203),
(14, 203),
(15, 203),
(1, 204),
(5, 204),
(6, 204),
(7, 204),
(8, 204),
(10, 204),
(11, 204),
(12, 204),
(13, 204),
(14, 204),
(15, 204),
(1, 205),
(4, 205),
(5, 205),
(6, 205),
(14, 205),
(1, 206),
(3, 206),
(5, 206),
(6, 206),
(14, 206),
(1, 207),
(3, 207),
(5, 207),
(6, 207),
(14, 207),
(1, 208),
(5, 208),
(6, 208),
(7, 208),
(10, 208),
(11, 208),
(12, 208),
(13, 208),
(14, 208),
(15, 208),
(1, 209),
(5, 209),
(6, 209),
(7, 209),
(10, 209),
(11, 209),
(12, 209),
(13, 209),
(14, 209),
(15, 209),
(1, 210),
(5, 210),
(6, 210),
(7, 210),
(8, 210),
(10, 210),
(11, 210),
(12, 210),
(13, 210),
(14, 210),
(15, 210),
(16, 210),
(18, 210),
(1, 211),
(5, 211),
(6, 211),
(7, 211),
(10, 211),
(11, 211),
(12, 211),
(13, 211),
(14, 211),
(15, 211),
(1, 212),
(5, 212),
(6, 212),
(7, 212),
(10, 212),
(11, 212),
(12, 212),
(13, 212),
(14, 212),
(15, 212),
(1, 213),
(5, 213),
(6, 213),
(7, 213),
(10, 213),
(11, 213),
(12, 213),
(13, 213),
(14, 213),
(15, 213),
(1, 214),
(5, 214),
(6, 214),
(7, 214),
(8, 214),
(10, 214),
(11, 214),
(12, 214),
(13, 214),
(14, 214),
(15, 214),
(1, 215),
(5, 215),
(6, 215),
(7, 215),
(8, 215),
(10, 215),
(11, 215),
(12, 215),
(13, 215),
(14, 215),
(15, 215),
(16, 215),
(18, 215),
(1, 216),
(5, 216),
(6, 216),
(7, 216),
(8, 216),
(10, 216),
(11, 216),
(12, 216),
(13, 216),
(14, 216),
(15, 216),
(1, 217),
(2, 217),
(3, 217),
(4, 217),
(5, 217),
(6, 217),
(14, 217),
(1, 218),
(2, 218),
(3, 218),
(4, 218),
(5, 218),
(6, 218),
(14, 218),
(1, 219),
(5, 219),
(14, 219),
(1, 220),
(5, 220),
(6, 220),
(7, 220),
(10, 220),
(11, 220),
(13, 220),
(14, 220),
(15, 220),
(1, 221),
(5, 221),
(6, 221),
(7, 221),
(10, 221),
(11, 221),
(13, 221),
(14, 221),
(15, 221),
(1, 222),
(5, 222),
(7, 222),
(13, 222),
(1, 223),
(5, 223),
(7, 223),
(13, 223),
(1, 224),
(5, 224),
(7, 224),
(13, 224),
(1, 225),
(5, 225),
(6, 225),
(7, 225),
(13, 225),
(1, 226),
(5, 226),
(6, 226),
(7, 226),
(10, 226),
(11, 226),
(13, 226),
(14, 226),
(15, 226),
(1, 227),
(5, 227),
(6, 227),
(7, 227),
(10, 227),
(11, 227),
(13, 227),
(14, 227),
(15, 227),
(1, 228),
(5, 228),
(6, 228),
(7, 228),
(10, 228),
(11, 228),
(13, 228),
(14, 228),
(15, 228),
(1, 229),
(5, 229),
(6, 229),
(10, 229),
(14, 229),
(15, 229),
(1, 230),
(5, 230),
(6, 230),
(7, 230),
(10, 230),
(11, 230),
(13, 230),
(14, 230),
(15, 230),
(1, 231),
(5, 231),
(6, 231),
(7, 231),
(8, 231),
(10, 231),
(11, 231),
(12, 231),
(13, 231),
(14, 231),
(15, 231),
(1, 232),
(5, 232),
(6, 232),
(8, 232),
(11, 232),
(12, 232),
(14, 232),
(1, 233),
(5, 233),
(6, 233),
(8, 233),
(12, 233),
(14, 233),
(1, 234),
(5, 234),
(6, 234),
(8, 234),
(11, 234),
(12, 234),
(14, 234),
(1, 235),
(3, 235),
(4, 235),
(5, 235),
(6, 235),
(14, 235),
(1, 236),
(3, 236),
(4, 236),
(5, 236),
(6, 236),
(14, 236),
(1, 237),
(3, 237),
(4, 237),
(5, 237),
(6, 237),
(14, 237),
(1, 238),
(3, 238),
(4, 238),
(5, 238),
(6, 238),
(14, 238),
(1, 239),
(3, 239),
(4, 239),
(5, 239),
(6, 239),
(14, 239),
(1, 240),
(5, 240),
(6, 240),
(10, 240),
(11, 240),
(14, 240),
(15, 240),
(16, 240),
(17, 240),
(18, 240),
(1, 241),
(5, 241),
(6, 241),
(10, 241),
(11, 241),
(14, 241),
(15, 241),
(16, 241),
(17, 241),
(1, 242),
(5, 242),
(6, 242),
(10, 242),
(11, 242),
(14, 242),
(15, 242),
(16, 242),
(17, 242),
(18, 242),
(1, 243),
(5, 243),
(6, 243),
(10, 243),
(11, 243),
(14, 243),
(15, 243),
(16, 243),
(17, 243),
(1, 244),
(5, 244),
(6, 244),
(10, 244),
(11, 244),
(14, 244),
(15, 244),
(16, 244),
(17, 244),
(1, 245),
(5, 245),
(6, 245),
(10, 245),
(11, 245),
(14, 245),
(15, 245),
(16, 245),
(17, 245),
(18, 245),
(1, 246),
(5, 246),
(6, 246),
(10, 246),
(11, 246),
(14, 246),
(15, 246),
(16, 246),
(17, 246),
(1, 247),
(5, 247),
(6, 247),
(10, 247),
(11, 247),
(14, 247),
(15, 247),
(16, 247),
(17, 247),
(1, 248),
(5, 248),
(6, 248),
(10, 248),
(11, 248),
(14, 248),
(15, 248),
(16, 248),
(17, 248),
(1, 249),
(5, 249),
(6, 249),
(10, 249),
(11, 249),
(14, 249),
(15, 249),
(16, 249),
(17, 249),
(18, 249),
(1, 250),
(5, 250),
(6, 250),
(10, 250),
(11, 250),
(14, 250),
(15, 250),
(16, 250),
(17, 250),
(18, 250),
(1, 251),
(5, 251),
(6, 251),
(10, 251),
(11, 251),
(14, 251),
(15, 251),
(16, 251),
(17, 251),
(18, 251),
(1, 252),
(5, 252),
(6, 252),
(10, 252),
(11, 252),
(14, 252),
(15, 252),
(16, 252),
(17, 252),
(18, 252),
(1, 253),
(5, 253),
(6, 253),
(10, 253),
(11, 253),
(14, 253),
(15, 253),
(16, 253),
(17, 253),
(18, 253),
(1, 254),
(5, 254),
(6, 254),
(10, 254),
(11, 254),
(14, 254),
(15, 254),
(16, 254),
(17, 254),
(18, 254),
(1, 255),
(5, 255),
(6, 255),
(10, 255),
(11, 255),
(14, 255),
(15, 255),
(16, 255),
(17, 255),
(18, 255),
(1, 256),
(5, 256),
(6, 256),
(10, 256),
(11, 256),
(14, 256),
(15, 256),
(16, 256),
(17, 256),
(18, 256),
(1, 257),
(5, 257),
(7, 257),
(13, 257),
(1, 258),
(5, 258),
(6, 258),
(14, 258),
(1, 259),
(5, 259),
(7, 259),
(13, 259),
(1, 260),
(5, 260),
(7, 260),
(13, 260),
(1, 261),
(5, 261),
(6, 261),
(8, 261),
(10, 261),
(11, 261),
(12, 261),
(14, 261),
(15, 261),
(1, 262),
(5, 262),
(7, 262),
(12, 262),
(13, 262),
(1, 263),
(5, 263),
(7, 263),
(13, 263),
(1, 264),
(5, 264),
(7, 264),
(13, 264),
(1, 265),
(5, 265),
(7, 265),
(13, 265),
(1, 266),
(5, 266),
(6, 266),
(7, 266),
(8, 266),
(10, 266),
(11, 266),
(12, 266),
(13, 266),
(15, 266),
(1, 267),
(5, 267),
(7, 267),
(13, 267),
(14, 267),
(1, 268),
(5, 268),
(7, 268),
(13, 268),
(1, 269),
(5, 269),
(7, 269),
(13, 269),
(1, 270),
(5, 270),
(7, 270),
(13, 270),
(1, 271),
(5, 271),
(7, 271),
(12, 271),
(13, 271),
(1, 272),
(5, 272),
(7, 272),
(13, 272),
(14, 272),
(1, 273),
(5, 273),
(7, 273),
(13, 273),
(14, 273),
(1, 274),
(5, 274),
(7, 274),
(13, 274),
(14, 274),
(1, 275),
(5, 275),
(7, 275),
(13, 275),
(14, 275),
(1, 276),
(5, 276),
(6, 276),
(7, 276),
(13, 276),
(14, 276),
(1, 277),
(5, 277),
(6, 277),
(7, 277),
(13, 277),
(14, 277),
(1, 278),
(5, 278),
(6, 278),
(7, 278),
(13, 278),
(14, 278),
(1, 279),
(5, 279),
(7, 279),
(13, 279),
(14, 279),
(1, 280),
(5, 280),
(6, 280),
(7, 280),
(13, 280),
(14, 280),
(1, 281),
(5, 281),
(6, 281),
(7, 281),
(8, 281),
(10, 281),
(11, 281),
(12, 281),
(13, 281),
(15, 281),
(1, 282),
(5, 282),
(6, 282),
(13, 282),
(14, 282),
(1, 283),
(3, 283),
(4, 283),
(5, 283),
(14, 283),
(1, 284),
(5, 284),
(6, 284),
(11, 284),
(12, 284),
(14, 284),
(1, 285),
(5, 285),
(6, 285),
(11, 285),
(12, 285),
(14, 285),
(1, 286),
(5, 286),
(6, 286),
(11, 286),
(12, 286),
(14, 286),
(1, 287),
(5, 287),
(6, 287),
(12, 287),
(14, 287),
(1, 288),
(3, 288),
(5, 288),
(14, 288),
(1, 289),
(4, 289),
(5, 289),
(14, 289),
(1, 290),
(5, 290),
(7, 290),
(13, 290),
(1, 291),
(5, 291),
(6, 291),
(7, 291),
(10, 291),
(12, 291),
(13, 291),
(14, 291),
(15, 291),
(1, 292),
(5, 292),
(6, 292),
(14, 292),
(1, 293),
(5, 293),
(6, 293),
(14, 293),
(1, 294),
(5, 294),
(6, 294),
(14, 294),
(1, 295),
(5, 295),
(6, 295),
(14, 295),
(1, 296),
(5, 296),
(6, 296),
(14, 296),
(1, 297),
(5, 297),
(7, 297),
(13, 297),
(14, 297),
(1, 298),
(5, 298),
(6, 298),
(7, 298),
(13, 298),
(14, 298),
(1, 299),
(5, 299),
(6, 299),
(7, 299),
(13, 299),
(14, 299),
(1, 300),
(5, 300),
(7, 300),
(13, 300),
(14, 300),
(1, 301),
(5, 301),
(6, 301),
(7, 301),
(13, 301),
(14, 301),
(1, 302),
(5, 302),
(7, 302),
(13, 302),
(14, 302),
(1, 303),
(5, 303),
(7, 303),
(13, 303),
(14, 303),
(1, 304),
(5, 304),
(7, 304),
(13, 304),
(14, 304),
(1, 305),
(5, 305),
(7, 305),
(13, 305),
(14, 305),
(1, 306),
(5, 306),
(7, 306),
(13, 306),
(14, 306),
(1, 307),
(5, 307),
(7, 307),
(13, 307),
(14, 307),
(1, 308),
(5, 308),
(6, 308),
(7, 308),
(13, 308),
(14, 308),
(1, 309),
(5, 309),
(7, 309),
(13, 309),
(14, 309),
(1, 310),
(5, 310),
(7, 310),
(13, 310),
(14, 310),
(1, 311),
(5, 311),
(7, 311),
(13, 311),
(14, 311),
(1, 312),
(5, 312),
(7, 312),
(13, 312),
(1, 313),
(5, 313),
(7, 313),
(12, 313),
(13, 313),
(1, 314),
(5, 314),
(6, 314),
(7, 314),
(12, 314),
(13, 314),
(1, 315),
(5, 315),
(7, 315),
(13, 315),
(14, 315),
(1, 316),
(5, 316),
(7, 316),
(13, 316),
(14, 316),
(1, 317),
(5, 317),
(7, 317),
(13, 317),
(14, 317),
(1, 318),
(5, 318),
(7, 318),
(13, 318),
(14, 318),
(1, 319),
(5, 319),
(6, 319),
(14, 319),
(1, 320),
(5, 320),
(7, 320),
(13, 320),
(1, 321),
(5, 321),
(7, 321),
(13, 321),
(1, 322),
(5, 322),
(6, 322),
(7, 322),
(13, 322),
(14, 322),
(1, 323),
(5, 323),
(6, 323),
(7, 323),
(13, 323),
(14, 323),
(1, 324),
(5, 324),
(6, 324),
(7, 324),
(13, 324),
(14, 324),
(1, 325),
(5, 325),
(6, 325),
(7, 325),
(13, 325),
(14, 325),
(1, 326),
(5, 326),
(6, 326),
(7, 326),
(13, 326),
(14, 326),
(1, 327),
(5, 327),
(6, 327),
(7, 327),
(13, 327),
(14, 327),
(1, 328),
(5, 328),
(6, 328),
(7, 328),
(13, 328),
(14, 328),
(1, 329),
(5, 329),
(6, 329),
(7, 329),
(13, 329),
(14, 329),
(1, 330),
(5, 330),
(6, 330),
(7, 330),
(13, 330),
(14, 330),
(1, 331),
(5, 331),
(6, 331),
(7, 331),
(13, 331),
(14, 331),
(1, 332),
(5, 332),
(6, 332),
(7, 332),
(13, 332),
(14, 332),
(1, 333),
(5, 333),
(6, 333),
(11, 333),
(12, 333),
(14, 333),
(1, 334),
(5, 334),
(6, 334),
(11, 334),
(14, 334),
(16, 334),
(1, 335),
(5, 335),
(6, 335),
(8, 335),
(11, 335),
(14, 335),
(16, 335),
(18, 335),
(1, 336),
(5, 336),
(6, 336),
(8, 336),
(11, 336),
(14, 336),
(18, 336),
(1, 337),
(5, 337),
(6, 337),
(8, 337),
(11, 337),
(14, 337),
(1, 338),
(5, 338),
(6, 338),
(11, 338),
(14, 338),
(16, 338),
(1, 339),
(5, 339),
(6, 339),
(11, 339),
(14, 339),
(1, 340),
(5, 340),
(6, 340),
(7, 340),
(10, 340),
(11, 340),
(13, 340),
(14, 340),
(15, 340),
(1, 341),
(3, 341),
(4, 341),
(5, 341),
(14, 341),
(1, 342),
(3, 342),
(4, 342),
(5, 342),
(14, 342),
(1, 343),
(3, 343),
(4, 343),
(5, 343),
(14, 343),
(1, 344),
(5, 344),
(6, 344),
(12, 344),
(14, 344),
(1, 345),
(5, 345),
(6, 345),
(12, 345),
(14, 345),
(1, 346),
(5, 346),
(6, 346),
(12, 346),
(14, 346),
(1, 347),
(5, 347),
(6, 347),
(12, 347),
(14, 347),
(1, 348),
(5, 348),
(6, 348),
(12, 348),
(14, 348),
(1, 349),
(5, 349),
(6, 349),
(12, 349),
(14, 349),
(1, 350),
(5, 350),
(6, 350),
(12, 350),
(14, 350),
(1, 351),
(5, 351),
(6, 351),
(11, 351),
(14, 351),
(1, 352),
(5, 352),
(6, 352),
(14, 352),
(1, 353),
(5, 353),
(6, 353),
(11, 353),
(14, 353),
(1, 354),
(5, 354),
(6, 354),
(12, 354),
(14, 354),
(1, 355),
(5, 355),
(6, 355),
(11, 355),
(13, 355),
(14, 355),
(1, 356),
(5, 356),
(6, 356),
(10, 356),
(11, 356),
(14, 356),
(15, 356),
(16, 356),
(17, 356),
(1, 357),
(5, 357),
(6, 357),
(14, 357),
(1, 358),
(5, 358),
(6, 358),
(14, 358),
(1, 359),
(5, 359),
(6, 359),
(14, 359),
(1, 360),
(5, 360),
(7, 360),
(13, 360),
(1, 361),
(5, 361),
(6, 361),
(7, 361),
(13, 361),
(14, 361),
(1, 362),
(5, 362),
(7, 362),
(13, 362),
(14, 362),
(1, 363),
(5, 363),
(14, 363),
(1, 364),
(5, 364),
(1, 365),
(5, 365),
(1, 366),
(5, 366),
(1, 367),
(5, 367),
(6, 367),
(14, 367),
(1, 368),
(5, 368),
(14, 368),
(1, 369),
(5, 369),
(14, 369),
(1, 370),
(5, 370),
(14, 370),
(1, 371),
(5, 371),
(6, 371),
(11, 371),
(14, 371),
(1, 372),
(5, 372),
(6, 372),
(7, 372),
(11, 372),
(13, 372),
(14, 372),
(1, 373),
(5, 373),
(6, 373),
(11, 373),
(14, 373),
(1, 374),
(5, 374),
(6, 374),
(11, 374),
(14, 374),
(1, 375),
(5, 375),
(6, 375),
(11, 375),
(14, 375),
(1, 376),
(5, 376),
(6, 376),
(11, 376),
(14, 376),
(1, 377),
(5, 377),
(6, 377),
(7, 377),
(11, 377),
(13, 377),
(14, 377),
(1, 378),
(3, 378),
(4, 378),
(5, 378),
(1, 379),
(5, 379),
(6, 379),
(10, 379),
(11, 379),
(13, 379),
(14, 379),
(15, 379),
(1, 380),
(5, 380),
(6, 380),
(13, 380),
(14, 380),
(1, 381),
(5, 381),
(6, 381),
(10, 381),
(11, 381),
(13, 381),
(14, 381),
(15, 381),
(1, 382),
(5, 382),
(6, 382),
(10, 382),
(11, 382),
(13, 382),
(14, 382),
(15, 382),
(1, 383),
(5, 383),
(6, 383),
(10, 383),
(11, 383),
(13, 383),
(14, 383),
(15, 383),
(1, 384),
(5, 384),
(6, 384),
(7, 384),
(13, 384),
(1, 385),
(5, 385),
(6, 385),
(7, 385),
(13, 385),
(1, 386),
(5, 386),
(6, 386),
(7, 386),
(13, 386),
(1, 387),
(5, 387),
(6, 387),
(7, 387),
(13, 387),
(1, 388),
(5, 388),
(13, 388),
(1, 389),
(5, 389),
(13, 389),
(1, 390),
(5, 390),
(6, 390),
(11, 390),
(14, 390),
(1, 391),
(5, 391),
(6, 391),
(11, 391),
(14, 391),
(1, 392),
(5, 392),
(6, 392),
(11, 392),
(14, 392),
(1, 393),
(5, 393),
(6, 393),
(11, 393),
(14, 393),
(1, 394),
(5, 394),
(6, 394),
(11, 394),
(14, 394),
(1, 395),
(5, 395),
(6, 395),
(11, 395),
(14, 395),
(1, 396),
(5, 396),
(6, 396),
(11, 396),
(14, 396),
(1, 397),
(5, 397),
(6, 397),
(11, 397),
(14, 397),
(1, 398),
(5, 398),
(14, 398),
(1, 399),
(5, 399),
(6, 399),
(10, 399),
(11, 399),
(14, 399),
(15, 399),
(1, 400),
(5, 400),
(6, 400),
(7, 400),
(13, 400),
(14, 400),
(1, 401),
(5, 401),
(6, 401),
(7, 401),
(13, 401),
(14, 401),
(1, 402),
(5, 402),
(6, 402),
(7, 402),
(13, 402),
(14, 402),
(1, 403),
(5, 403),
(6, 403),
(7, 403),
(13, 403),
(14, 403),
(1, 404),
(5, 404),
(6, 404),
(7, 404),
(13, 404),
(14, 404),
(1, 405),
(5, 405),
(1, 406),
(5, 406),
(6, 406),
(7, 406),
(11, 406),
(13, 406),
(14, 406),
(1, 407),
(5, 407),
(6, 407),
(7, 407),
(11, 407),
(13, 407),
(14, 407),
(16, 407),
(1, 408),
(5, 408),
(6, 408),
(14, 408),
(1, 409),
(5, 409),
(6, 409),
(14, 409),
(1, 410),
(5, 410),
(6, 410),
(14, 410),
(1, 411),
(5, 411),
(14, 411),
(1, 412),
(5, 412),
(6, 412),
(11, 412),
(14, 412),
(1, 413),
(5, 413),
(6, 413),
(14, 413),
(1, 414),
(5, 414),
(6, 414),
(11, 414),
(14, 414),
(1, 415),
(5, 415),
(13, 415),
(14, 415),
(1, 416),
(5, 416),
(13, 416),
(14, 416),
(1, 417),
(5, 417),
(13, 417),
(14, 417),
(1, 418),
(5, 418),
(13, 418),
(14, 418),
(1, 419),
(5, 419),
(6, 419),
(15, 419),
(1, 420),
(5, 420),
(15, 420),
(1, 421),
(5, 421),
(15, 421),
(1, 422),
(5, 422),
(15, 422),
(1, 423),
(5, 423),
(15, 423),
(1, 424),
(5, 424),
(6, 424),
(11, 424),
(14, 424),
(1, 425),
(5, 425),
(6, 425),
(11, 425),
(14, 425),
(1, 426),
(5, 426),
(6, 426),
(11, 426),
(14, 426),
(1, 427),
(5, 427),
(6, 427),
(11, 427),
(14, 427),
(1, 428),
(5, 428),
(6, 428),
(11, 428),
(14, 428),
(1, 429),
(5, 429),
(6, 429),
(8, 429),
(11, 429),
(14, 429),
(1, 430),
(5, 430),
(6, 430),
(8, 430),
(11, 430),
(14, 430),
(1, 431),
(5, 431),
(6, 431),
(8, 431),
(11, 431),
(14, 431),
(1, 432),
(5, 432),
(6, 432),
(8, 432),
(11, 432),
(14, 432),
(1, 433),
(5, 433),
(14, 433);


--
-- Truncate table before insert `groups_has_modules`
--

-- TRUNCATE TABLE `groups_has_modules`;
--
-- Dumping data for table `groups_has_modules`
--

INSERT INTO `groups_has_modules` (`groups_id`, `modules_id`) VALUES
(1, 1),
(5, 1),
(6, 1),
(7, 1),
(9, 1),
(10, 1),
(11, 1),
(12, 1),
(13, 1),
(14, 1),
(15, 1),
(16, 1),
(17, 1),
(18, 1),
(1, 5),
(2, 5),
(3, 5),
(4, 5),
(5, 5),
(7, 5),
(8, 5),
(9, 5),
(10, 5),
(12, 5),
(13, 5),
(14, 5),
(1, 6),
(5, 6),
(7, 6),
(8, 6),
(9, 6),
(10, 6),
(12, 6),
(13, 6),
(14, 6),
(1, 7),
(5, 7),
(7, 7),
(8, 7),
(9, 7),
(10, 7),
(12, 7),
(13, 7),
(14, 7),
(1, 8),
(5, 8),
(7, 8),
(8, 8),
(9, 8),
(10, 8),
(12, 8),
(13, 8),
(14, 8),
(1, 9),
(5, 9),
(7, 9),
(8, 9),
(9, 9),
(10, 9),
(12, 9),
(13, 9),
(14, 9),
(1, 10),
(2, 10),
(3, 10),
(4, 10),
(5, 10),
(10, 10),
(14, 10),
(1, 11),
(5, 11),
(7, 11),
(9, 11),
(10, 11),
(12, 11),
(13, 11),
(14, 11),
(1, 12),
(5, 12),
(6, 12),
(7, 12),
(9, 12),
(10, 12),
(11, 12),
(12, 12),
(13, 12),
(14, 12),
(15, 12),
(16, 12),
(17, 12),
(18, 12),
(1, 13),
(5, 13),
(13, 13),
(14, 13),
(1, 14),
(3, 14),
(4, 14),
(5, 14),
(7, 14),
(8, 14),
(13, 14),
(14, 14);


--
-- Truncate table before insert `profil`
--

-- TRUNCATE TABLE `profil`;
--
-- Dumping data for table `profil`
--

INSERT IGNORE INTO `profil` (`id`, `profil_name`) VALUES
(1, 'Admin'),
(2, 'Manager'),
(3, 'Billing'),
(4, 'Teacher'),
(5, 'Guest'),
(6, 'Reporter'),
(7, 'Information');




--
-- Truncate table before insert `profil_has_modules`
--

-- TRUNCATE TABLE `profil_has_modules`;
--
-- Dumping data for table `profil_has_modules`
--

INSERT INTO `profil_has_modules` (`id`, `profil_id`, `module_id`) VALUES
(1, 1, 1),
(2, 1, 5),
(3, 1, 6),
(4, 1, 7),
(5, 1, 8),
(6, 1, 9),
(7, 1, 10),
(8, 2, 1),
(9, 2, 5),
(10, 2, 6),
(11, 2, 7),
(12, 2, 9),
(13, 2, 10),
(14, 3, 5),
(15, 3, 6),
(16, 3, 8),
(17, 4, 5),
(18, 4, 6),
(19, 4, 7),
(20, 4, 9),
(21, 5, 5),
(22, 5, 10),
(23, 6, 5),
(24, 6, 6),
(25, 1, 11),
(26, 2, 11),
(27, 2, 8),
(28, 3, 7),
(29, 3, 9),
(30, 1, 12),
(31, 2, 12),
(32, 4, 8),
(33, 7, 7),
(34, 7, 9),
(35, 7, 12),
(36, 7, 6),
(37, 7, 8),
(38, 7, 5),
(39, 3, 1),
(40, 3, 11),
(41, 3, 12),
(42, 6, 1),
(43, 6, 7),
(44, 6, 8),
(45, 6, 9),
(46, 6, 11),
(47, 6, 12),
(48, 7, 1),
(49, 7, 11),
(50, 1, 13),
(51, 2, 12),
(52, 3, 13),
(53, 1, 14),
(55, 2, 14),
(56, 3, 14),
(57, 4, 14),
(58, 5, 14),
(59, 6, 14),
(60, 7, 14);


SET FOREIGN_KEY_CHECKS=1;

UPDATE users join view_user on (users.id = view_user.id) set users.group_id = view_user.group_id, users.profil = view_user.profil;
ALTER TABLE `groups` ADD CONSTRAINT `fk_group_profil_id` FOREIGN KEY (`belongs_to_profil`) REFERENCES `profil`(`id`) ON DELETE CASCADE ON UPDATE CASCADE;
drop table view_user;